,,,,,Games,Games,Pass Coverage,Pass Coverage,Pass Coverage,Pass Coverage,Pass Coverage,Pass Coverage,Pass Coverage,Pass Coverage,Pass Coverage,Pass Coverage,Pass Coverage,Pass Coverage,Pass Rush,Pass Rush,Pass Rush,Pass Rush,Pass Rush,Tackles,Tackles,Tackles
Rk,Player,Tm,Age,Pos,G,GS,Int,Tgt,Cmp,Cmp%,Yds,Yds/Cmp,Yds/Tgt,TD,Rat,DADOT,Air,YAC,Bltz,Hrry,QBKD,Sk,Prss,Comb,MTkl,MTkl%
1,Darius Leonard+\LeonDa00,IND,23,LLB,15,15,2,96,76,79.2%,686,9.0,7.1,2,94.7,3.6,243,443,28,1,1,7.0,9,163,12,6.9%
2,Leighton Vander Esch*\VandLe00,DAL,22,RLB,16,11,2,90,72,80.0%,602,8.4,6.7,3,96.4,4.0,233,369,15,1,1,0.0,2,140,10,6.7%
3,Antoine Bethea\BethAn20,ARI,34,FS,16,16,0,56,37,66.1%,347,9.4,6.2,2,94.9,8.2,206,141,30,4,3,3.0,10,121,19,13.6%
4,Telvin Smith\SmitTe01,JAX,27,LLB,16,16,2,77,59,76.6%,524,8.9,6.8,4,100.8,5.0,160,364,33,3,1,1.0,5,134,23,14.6%
5,Lavonte David\DaviLa00,TAM,28,RLB,14,14,0,77,62,80.5%,569,9.2,7.4,4,114.8,3.9,201,368,54,0,2,3.5,6,120,9,7.0%
6,Luke Kuechly*+\KuecLu00,CAR,27,MLB,16,16,1,54,36,66.7%,239,6.6,4.4,2,80.7,2.4,32,207,55,4,3,2.0,9,130,10,7.1%
7,Blake Martinez\MartBl01,GNB,24,LILB,16,16,0,61,45,73.8%,410,9.1,6.7,5,118.9,3.6,138,272,61,5,1,5.0,11,144,12,7.7%
8,Cory Littleton*\LittCo01,LAR,25,RILB,16,16,3,64,47,73.4%,536,11.4,8.4,3,94.3,7.1,255,281,58,4,0,4.0,8,125,10,7.4%
9,Roquan Smith\SmitRo07,CHI,21,RILB,16,14,1,82,60,73.2%,587,9.8,7.2,2,95.9,4.3,233,354,36,4,0,5.0,9,121,13,9.7%
10,Tahir Whitehead\WhitTa00,OAK,28,RLB,16,16,1,71,53,74.6%,716,13.5,10.1,4,119.2,6.9,269,447,31,2,1,0.0,3,126,11,8.0%
11,Jamal Adams *\AdamJa00,NYJ,23,SS,16,16,1,60,33,55.0%,405,12.3,6.8,1,74.7,9.8,235,170,69,2,4,3.5,10,115,12,9.4%
12,Fred Warner\WarnFr00,SFO,22,MLB,16,16,0,75,45,60.0%,475,10.6,6.3,3,91.8,5.1,171,304,51,2,2,0.0,4,124,13,9.5%
13,Bobby Wagner*+\WagnBo00,SEA,28,MLB,15,15,1,69,46,66.7%,475,10.3,6.9,0,80.3,6.1,182,293,41,1,4,1.0,6,138,1,0.7%
14,John Johnson\JohnJo10,LAR,23,SS,16,16,4,56,38,67.9%,391,10.3,7.0,4,81.8,8.6,243,148,15,0,2,0.0,2,119,8,6.3%
15,Jaylon Smith\SmitJa05,DAL,23,MLB,16,16,0,58,46,79.3%,413,9.0,7.1,2,107.8,5.3,196,217,68,7,2,4.0,13,121,12,9.0%
16,Mason Foster\FostMa00,WAS,29,RILB,16,16,2,77,59,76.6%,502,8.5,6.5,1,86.6,3.6,96,406,77,5,0,1.0,5,131,12,8.4%
17,Anthony Hitchens\HitcAn00,KAN,26,LILB,15,15,0,69,59,85.5%,573,9.7,8.3,4,120.6,3.3,194,379,36,4,1,0.0,5,135,8,5.6%
18,Shawn Williams\WillSh02,CIN,27,SS,16,16,5,60,41,68.3%,556,13.6,9.3,7,101.8,10.4,391,165,19,2,1,1.0,4,110,10,8.3%
19,Ha Ha Clinton-Dix\ClinHa00,2TM,26,,16,16,3,39,26,66.7%,333,12.8,8.5,1,69.7,10.3,209,124,16,0,1,1.0,2,93,9,8.8%
20,Todd Davis\DaviTo01,DEN,26,LILB,16,16,1,57,46,80.7%,436,9.5,7.6,2,102.9,3.3,118,318,42,2,4,0.5,7,114,15,11.6%
21,Tremaine Edmunds\EdmuTr01,BUF,20,MLB,15,15,2,93,73,78.5%,634,8.7,6.8,2,93.3,3.9,222,412,37,4,5,2.0,11,121,24,16.6%
22,Avery Williamson\WillAv00,NYJ,26,RILB,16,16,1,67,48,71.6%,513,10.7,7.7,3,102.4,5.3,242,271,71,5,0,3.0,8,120,5,4.0%
23,Kiko Alonso\AlonKi00,MIA,28,LLB,15,15,3,69,45,65.2%,518,11.5,7.5,5,93.8,6.0,241,277,50,1,3,0.0,4,125,12,8.8%
24,Malcolm Jenkins*\JenkMa99,PHI,31,FS,16,16,1,69,48,69.6%,431,9.0,6.2,2,89.7,8.3,202,229,40,2,0,1.0,3,97,12,11.0%
25,Budda Baker\BakeBu00,ARI,22,SS,14,13,0,71,55,77.5%,514,9.3,7.2,2,106.2,3.5,134,380,58,8,1,2.0,12,102,10,8.9%
26,Danny Trevathan\TrevDa00,CHI,28,LILB,16,16,2,64,42,65.6%,389,9.3,6.1,5,95.1,5.3,128,261,54,4,3,2.0,9,102,10,8.9%
27,Myles Jack\JackMy00,JAX,23,MLB,16,16,1,49,37,75.5%,380,10.3,7.8,1,95.6,4.4,157,223,47,2,1,2.5,6,107,12,10.1%
28,Derwin James*+\JameDe00,LAC,22,FS,16,16,3,73,49,67.1%,480,9.8,6.6,3,82.0,6.7,151,329,52,5,2,3.5,11,105,17,13.9%
29,Demario Davis\DaviDe00,NOR,29,LLB,16,16,0,67,53,79.1%,482,9.1,7.2,3,111.6,2.7,134,348,84,4,6,5.0,15,110,14,11.3%
30,Jessie Bates III\BateJe00,CIN,21,FS,16,16,3,49,31,63.3%,489,15.8,10.0,1,77.7,13.3,288,201,0,0,0,0.0,0,111,10,8.3%
31,Jamie Collins\CollJa00,CLE,29,RLB,16,16,1,75,56,74.7%,523,9.3,7.0,2,96.7,4.1,218,305,95,3,3,4.0,10,104,18,14.8%
32,Zach Cunningham\CunnZa00,HOU,24,RILB,14,14,1,67,51,76.1%,466,9.1,7.0,3,103.2,6.2,220,246,26,2,1,0.0,3,107,16,13.0%
33,Jarrad Davis\DaviJa01,DET,23,MLB,16,16,0,52,36,69.2%,287,8.0,5.5,2,95.6,1.9,78,209,57,7,4,6.0,17,100,18,15.3%
34,Jordan Poyer\PoyeJo00,BUF,27,FS,16,16,4,39,26,66.7%,396,15.2,10.2,4,94.6,12.4,277,119,26,0,1,2.0,3,100,15,13.0%
35,Damarious Randall\RandDa00,CLE,26,SS,15,15,4,60,36,60.0%,556,15.4,9.3,3,79.6,15.5,387,169,8,1,0,0.0,1,85,10,10.5%
36,Justin Simmons\SimmJu00,DEN,25,FS,16,16,3,76,54,71.1%,665,12.3,8.8,3,94.5,9.3,405,260,17,2,0,0.0,2,97,9,8.5%
37,Kareem Jackson\JackKa99,HOU,30,RCB,16,16,2,87,57,65.5%,660,11.6,7.6,2,86.4,8.4,397,263,15,1,0,1.0,2,87,13,13.0%
38,Tyrann Mathieu\MathTy00,HOU,26,SS,16,16,2,79,52,65.8%,590,11.3,7.5,5,98.6,8.1,324,266,27,1,1,3.0,5,89,8,8.2%
39,C.J. Mosley*\MoslC.00,BAL,26,LILB,15,15,1,59,37,62.7%,348,9.4,5.9,3,88.8,5.1,204,144,115,4,1,0.5,6,105,7,6.3%
40,Justin Reid\ReidJu00,HOU,21,FS,16,12,3,43,28,65.1%,474,16.9,11.0,3,96.5,13.7,348,126,8,1,1,0.0,2,88,7,7.4%
41,Zach Brown\BrowZa00,WAS,29,LILB,16,12,0,49,36,73.5%,265,7.4,5.4,0,85.8,2.6,85,180,30,3,1,1.0,5,96,7,6.8%
42,Raekwon McMillan\McMiRa02,MIA,23,MLB,16,16,0,39,32,82.1%,374,11.7,9.6,6,146.2,5.0,185,189,20,2,0,0.0,2,105,9,7.9%
43,Anthony Walker\WalkAn01,IND,23,MLB,15,14,1,51,37,72.5%,338,9.1,6.6,4,108.1,3.5,132,206,18,0,0,1.0,1,105,15,12.5%
44,Wesley Woodyard\WoodWe20,TEN,32,LILB,14,14,0,45,30,66.7%,331,11.0,7.4,1,95.7,4.5,162,169,40,2,1,4.5,8,113,11,8.9%
45,Nigel Bradham\BradNi00,PHI,29,RLB,15,15,0,69,50,72.5%,463,9.3,6.7,2,100.1,3.3,114,349,42,2,2,2.0,6,97,10,9.3%
46,Landon Collins*\CollLa00,NYG,24,SS,12,12,0,59,40,67.8%,530,13.3,9.0,3,113.0,8.6,338,192,22,3,2,0.0,5,96,9,8.6%
47,Adoree' Jackson\JackAd00,TEN,23,RCB,16,13,2,115,65,56.5%,831,12.8,7.2,6,89.4,12.3,586,245,8,0,0,0.0,0,73,7,8.8%
48,Harrison Smith*\SmitHa00,MIN,29,FS,16,16,3,48,27,56.3%,307,11.4,6.4,2,63.5,10.5,223,84,32,4,1,3.0,8,84,4,4.5%
49,Tre Boston\BostTr00,ARI,26,db,14,13,3,45,25,55.6%,357,14.3,7.9,5,90.7,11.8,240,117,12,1,1,0.0,2,79,9,10.2%
50,Bradley McDougald\McDoBr01,SEA,28,SS,16,16,3,60,46,76.7%,535,11.6,8.9,5,110.1,5.9,225,310,13,1,0,0.0,1,78,7,8.2%
51,Adrian Phillips*+\PhilAd00,LAC,26,db,16,7,1,65,38,58.5%,471,12.4,7.2,4,95.1,9.1,297,174,8,1,0,0.0,1,94,4,4.1%
52,Jayon Brown\BrowJa06,TEN,23,RILB,16,9,1,56,35,62.5%,274,7.8,4.9,0,67.1,3.9,100,174,71,2,3,6.0,12,97,10,9.3%
53,Quandre Diggs\DiggQu00,DET,25,SS,16,16,3,63,40,63.5%,537,13.4,8.5,3,86.5,9.7,348,189,8,0,1,0.0,1,78,13,14.3%
54,Kendall Fuller\FullKe00,KAN,23,LCB,15,15,2,113,76,67.3%,802,10.6,7.1,2,86.2,8.8,457,345,16,1,0,0.0,1,82,10,10.9%
55,Ron Parker\ParkRo01,KAN,31,FS,15,14,2,48,34,70.8%,520,15.3,10.8,3,109.7,14.2,370,150,7,3,0,1.0,4,77,7,8.3%
56,Vonn Bell\BellVo00,NOR,24,ss,16,8,0,64,44,68.8%,582,13.2,9.1,4,118.1,7.7,354,228,27,2,2,1.0,5,89,7,7.3%
57,De'Vondre Campbell\CampDe00,ATL,25,MLB,16,13,0,63,44,69.8%,437,9.9,6.9,3,105.1,4.5,163,274,57,2,0,1.5,4,94,4,4.1%
58,Jeff Heath\HeatJe00,DAL,27,SS,16,16,1,60,37,61.7%,464,12.5,7.7,1,84.3,9.9,227,237,3,2,0,0.0,2,85,14,14.1%
59,Donte Jackson\JackDo02,CAR,23,RCB,16,16,4,78,46,59.0%,789,17.2,10.1,6,97.6,12.7,540,249,3,0,0,1.0,1,74,15,16.9%
60,Eric Kendricks\KendEr00,MIN,26,MLB,14,14,2,66,46,69.7%,524,11.4,7.9,2,90.7,4.5,170,354,39,6,0,1.0,7,108,8,6.9%
61,T.J. McDonald\McDoTJ00,MIA,27,FS,14,14,3,46,29,63.0%,400,13.8,8.7,4,92.7,11.1,237,163,11,2,0,0.0,2,86,12,12.2%
62,Benardrick McKinney*\McKiBe00,HOU,26,LILB,16,16,1,43,28,65.1%,248,8.9,5.8,2,86.2,4.0,66,182,55,1,3,1.5,6,105,13,11.0%
63,Kenny Moore\MoorKe03,IND,23,LCB,15,15,3,87,62,71.3%,527,8.5,6.1,2,80.0,6.4,246,281,40,2,0,1.5,4,77,11,12.5%
64,Curtis Riley\RileCu00,NYG,26,FS,16,16,4,44,26,59.1%,465,17.9,10.6,3,80.2,16.6,297,168,14,1,1,0.0,2,75,18,19.4%
65,Eli Apple\ApplEl00,2TM,23,,15,15,2,118,57,48.3%,869,15.2,7.4,3,74.4,12.7,619,250,0,0,0,0.0,0,75,15,16.7%
66,Kevin Byard\ByarKe01,TEN,25,FS,16,16,4,40,20,50.0%,214,10.7,5.4,1,34.8,10.2,151,63,21,2,1,2.0,5,90,7,7.2%
67,Jalen Ramsey*\RamsJa00,JAX,24,LCB,16,16,3,113,61,54.0%,856,14.0,7.6,3,76.4,13.0,586,270,0,0,0,0.0,0,65,5,7.1%
68,Nick Vigil\VigiNi00,CIN,25,LLB,11,10,0,53,40,75.5%,393,9.8,7.4,1,102.2,3.8,95,298,38,3,1,0.0,4,84,10,10.6%
69,Jaire Alexander\AlexJa00,GNB,21,LCB,13,11,1,91,59,64.8%,818,13.9,9.0,3,100.0,11.0,577,241,11,1,0,0.5,2,66,8,10.8%
70,Jatavis Brown\BrowJa05,LAC,24,LLB,15,10,0,69,54,78.3%,471,8.7,6.8,1,99.9,4.1,217,254,18,2,0,1.0,3,97,16,14.2%
71,Clayton Geathers\GeatCl00,IND,26,SS,12,12,0,43,29,67.4%,283,9.8,6.6,1,93.5,5.6,130,153,10,2,2,0.0,4,89,10,10.1%
72,Jordan Hicks\HickJo00,PHI,26,MLB,12,12,0,45,32,71.1%,370,11.6,8.2,2,110.4,4.5,135,235,47,1,0,3.0,5,91,5,5.2%
73,Jordan Whitehead\WhitJo03,TAM,21,SS,15,11,0,42,29,69.0%,334,11.5,8.0,1,100.7,12.0,272,62,5,0,0,0.0,0,76,13,14.6%
74,Malcolm Butler\ButlMa01,TEN,28,db,16,11,3,99,63,63.6%,840,13.3,8.5,7,101.4,12.1,622,218,4,1,0,1.0,2,69,7,9.2%
75,Pierre Desir\DesiPi00,IND,28,RCB,16,12,1,83,45,54.2%,624,13.9,7.5,3,85.6,9.9,367,257,2,0,0,0.0,0,79,3,3.7%
76,Damontae Kazee\KazeDa00,ATL,25,SS,16,15,7,30,16,53.3%,256,16.0,8.5,4,82.1,11.8,189,67,1,0,0,0.0,0,82,13,13.7%
77,Adrian Amos\AmosAd00,CHI,25,FS,16,16,2,54,33,61.1%,299,9.1,5.5,2,73.0,9.1,219,80,4,2,0,1.0,3,73,8,9.9%
78,Sean Davis\DaviSe00,PIT,25,FS,15,15,1,49,27,55.1%,457,16.9,9.3,5,112.4,12.6,272,185,4,0,1,0.0,1,80,15,15.8%
79,Janoris Jenkins\JenkJa03,NYG,30,RCB,16,16,2,101,63,62.4%,786,12.5,7.8,6,98.0,11.1,587,199,2,0,0,0.0,0,70,15,17.6%
80,Devin McCourty\McCoDe99,NWE,31,FS,16,16,1,52,32,61.5%,375,11.7,7.2,6,113.9,8.8,258,117,9,2,0,0.0,2,82,5,5.7%
81,James Bradberry\BradJa00,CAR,25,LCB,16,16,1,113,50,44.2%,802,16.0,7.1,6,82.5,13.6,605,197,3,0,0,1.0,1,70,4,5.4%
82,T.J. Carrie\CarrTr00,CLE,28,RCB,16,8,1,93,52,55.9%,637,12.3,6.8,1,76.3,10.4,355,282,9,2,0,1.0,3,74,9,10.8%
83,Lamarcus Joyner\JoynLa00,LAR,28,FS,15,15,1,35,19,54.3%,279,14.7,8.0,2,87.7,12.5,211,68,7,1,0,1.0,2,78,6,7.1%
84,Steven Nelson\NelsSt01,KAN,25,RCB,16,16,4,115,59,51.3%,766,13.0,6.7,5,72.6,13.2,574,192,1,0,0,0.0,0,68,13,16.0%
85,Alec Ogletree\OgleAl00,NYG,27,RILB,13,13,5,63,48,76.2%,395,8.2,6.3,3,74.5,4.4,183,212,73,4,3,1.0,8,93,16,14.7%
86,Glover Quin\QuinGl99,DET,32,FS,16,16,0,42,28,66.7%,400,14.3,9.5,3,121.1,10.5,254,146,8,0,1,1.0,2,74,7,8.6%
87,Prince Amukamara\AmukPr00,CHI,29,RCB,15,15,3,89,51,57.3%,603,11.8,6.8,3,75.3,11.9,429,174,0,0,0,0.0,0,66,3,4.3%
88,Chidobe Awuzie\AwuzCh00,DAL,23,LCB,15,14,1,95,54,56.8%,770,14.3,8.1,5,96.4,12.0,611,159,1,1,0,0.0,1,71,9,11.3%
89,Jerome Baker\BakeJe00,MIA,22,RLB,16,11,1,54,40,74.1%,494,12.4,9.1,1,100.4,5.1,137,357,34,0,1,3.0,4,79,11,12.2%
90,Reshad Jones\JoneRe99,MIA,30,SS,14,13,3,41,23,56.1%,316,13.7,7.7,2,66.7,11.8,224,92,11,1,1,0.0,2,72,6,7.7%
91,Joe Schobert\SchoJo00,CLE,25,MLB,13,13,1,47,28,59.6%,344,12.3,7.3,2,87.5,8.5,220,124,88,10,1,3.0,17,103,24,18.9%
92,Byron Jones*\JoneBy00,DAL,26,RCB,16,16,0,80,42,52.5%,586,14.0,7.3,2,84.7,13.6,452,134,3,0,0,0.0,0,67,4,5.6%
93,Foyesade Oluokun\OluoFo00,ATL,23,mlb,16,7,0,43,37,86.0%,343,9.3,8.0,2,115.4,6.6,155,188,13,2,2,0.0,4,91,12,11.7%
94,Lorenzo Alexander\AlexLo99,BUF,35,LLB,16,8,2,28,19,67.9%,129,6.8,4.6,0,48.1,2.1,14,115,39,10,4,6.5,21,74,8,9.8%
95,Terrell Edmunds\EdmuTe00,PIT,21,SS,16,15,1,42,25,59.5%,336,13.4,8.0,1,83.0,8.9,222,114,25,2,2,1.0,5,78,5,6.0%
96,Tre Flowers\FlowTr01,SEA,23,RCB,15,15,0,90,57,63.3%,805,14.1,8.9,4,106.9,11.9,517,288,1,0,0,0.0,0,67,10,13.0%
97,Shaquill Griffin\GrifSh00,SEA,23,LCB,16,16,2,86,57,66.3%,781,13.7,9.1,5,104.8,12.0,539,242,2,0,0,0.0,0,62,10,13.9%
98,Desmond Trufant\TrufDe00,ATL,28,RCB,16,16,0,98,58,59.2%,612,10.6,6.2,3,87.6,11.1,429,183,4,3,0,1.0,4,66,4,5.7%
99,Kyle Van Noy\VanNKy00,NWE,27,MLB,16,16,1,41,32,78.0%,267,8.3,6.5,0,83.6,3.7,90,177,109,9,5,3.5,18,92,16,14.8%
100,Darqueze Dennard\DennDa00,CIN,27,db,13,9,0,69,49,71.0%,538,11.0,7.8,1,98.6,7.4,319,219,8,1,0,0.0,1,68,6,8.1%
101,Elijah Lee\LeexEl00,SFO,22,rlb,16,5,0,38,33,86.8%,301,9.1,7.9,0,99.7,5.3,147,154,17,0,1,1.0,2,65,4,5.8%
102,Jason McCourty\McCoJa99,NWE,31,LCB,16,12,1,99,52,52.5%,790,15.2,8.0,5,91.7,11.8,516,274,5,0,0,0.0,0,70,4,5.4%
103,Logan Ryan\RyanLo00,TEN,27,LCB,14,14,0,64,43,67.2%,515,12.0,8.0,2,102.0,9.2,283,232,36,5,1,4.0,10,76,3,3.8%
104,Eric Weddle *\WeddEr99,BAL,33,FS,16,16,0,39,25,64.1%,265,10.6,6.8,1,92.4,10.3,172,93,28,1,2,1.0,4,68,7,9.3%
105,Calais Campbell*\CampCa99,JAX,32,RDE,16,16,0,0,0,,0,,,0,,,0,0,0,9,8,10.5,28,72,7,8.9%
106,Tony Jefferson\JeffTo00,BAL,26,SS,14,14,1,51,31,60.8%,416,13.4,8.2,2,91.6,9.7,325,91,18,0,1,1.0,2,74,9,10.8%
107,Brian Poole\PoolBr01,ATL,26,RLB,16,9,3,77,44,57.1%,564,12.8,7.3,5,85.6,7.4,294,270,29,0,2,3.0,5,74,15,16.9%
108,Haason Reddick\ReddHa00,ARI,24,LLB,16,12,0,48,35,72.9%,281,8.0,5.9,0,87.2,2.0,71,210,85,2,3,4.0,9,80,11,12.1%
109,Jahleel Addae\AddaJa00,LAC,28,SS,16,16,1,40,26,65.0%,578,22.2,14.5,0,97.9,18.3,456,122,6,2,0,1.0,3,75,13,14.8%
110,Josh Bynes\ByneJo00,ARI,29,MLB,11,11,0,46,36,78.3%,378,10.5,8.2,3,122.6,5.3,123,255,32,1,1,2.0,4,75,8,9.6%
111,Patrick Chung\ChunPa99,NWE,31,SS,15,14,1,80,51,63.8%,515,10.1,6.4,4,93.5,7.8,276,239,42,3,1,0.5,5,84,6,6.7%
112,Damon Harrison\HarrDa03,2TM,30,,17,16,0,0,0,,0,,,0,,,0,0,0,2,3,3.5,9,81,2,2.4%
113,Rashaan Melvin\MelvRa00,OAK,29,lcb,14,7,1,73,40,54.8%,629,15.7,8.6,4,96.2,12.0,436,193,3,1,0,0.0,1,56,5,8.2%
114,Matt Milano\MilaMa00,BUF,24,RLB,13,13,3,46,26,56.5%,284,10.9,6.2,3,69.5,5.1,82,202,39,3,2,1.0,6,78,20,20.4%
115,Jabrill Peppers\PeppJa00,CLE,23,FS,16,16,1,48,29,60.4%,368,12.7,7.7,5,110.4,9.4,206,162,51,1,3,1.0,5,79,11,12.2%
116,Buster Skrine\SkriBu00,NYJ,29,db,14,11,0,75,49,65.3%,566,11.6,7.5,4,105.7,7.5,296,270,19,0,0,0.5,1,58,10,14.7%
117,B.W. Webb\WebbBW00,NYG,28,LCB,16,13,1,73,41,56.2%,553,13.5,7.6,2,83.9,13.4,400,153,13,2,0,1.0,3,59,3,4.8%
118,Minkah Fitzpatrick\FitzMi00,MIA,22,ss,16,11,2,69,39,56.5%,456,11.7,6.6,0,64.6,10.3,238,218,18,1,0,0.0,1,80,11,12.1%
119,Joe Haden\HadeJo99,PIT,29,LCB,15,15,2,105,53,50.5%,581,11.0,5.5,4,72.0,12.0,407,174,1,0,0,0.0,0,63,8,11.3%
120,Danielle Hunter*\HuntDa01,MIN,24,LDE,16,16,0,2,2,100.0%,26,13.0,13.0,0,118.7,2.5,5,21,0,20,2,14.5,38,72,8,10.0%
121,Shaq Thompson\ThomSh01,CAR,24,LLB,14,11,0,48,35,72.9%,255,7.3,5.3,1,91.9,3.1,115,140,47,7,2,3.5,13,80,10,11.1%
122,Bobby McCain\McCaBo01,MIA,25,RCB,14,13,1,72,50,69.4%,668,13.4,9.3,7,125.2,8.7,398,270,6,0,0,2.0,2,61,11,15.3%
123,Eric Reid\ReidEr00,CAR,27,SS,13,13,1,35,20,57.1%,358,17.9,10.2,2,99.5,12.1,257,101,16,2,0,1.0,3,71,10,12.3%
124,T.J. Watt *\WattT.00,PIT,24,LOLB,16,16,0,27,22,81.5%,198,9.0,7.3,1,109.6,5.0,70,128,46,18,7,13.0,38,68,14,17.1%
125,Vince Williams\WillVi01,PIT,29,RILB,14,14,1,39,25,64.1%,234,9.4,6.0,2,86.9,5.2,85,149,70,3,4,4.5,12,76,11,12.6%
126,Johnathan Joseph\JoseJo20,HOU,34,LCB,14,14,2,91,55,60.4%,669,12.2,7.4,4,88.6,10.0,453,216,1,0,0,0.0,0,58,16,21.6%
127,Marshon Lattimore\LattMa01,NOR,22,RCB,16,16,2,90,58,64.4%,880,15.2,9.8,3,98.4,12.9,608,272,4,0,0,0.0,0,59,6,9.2%
128,Marcus Williams\WillMa06,NOR,22,FS,16,16,2,31,17,54.8%,343,20.2,11.1,4,106.6,16.9,277,66,5,0,0,1.0,1,59,4,6.3%
129,Rasul Douglas\DougRa00,PHI,23,lcb,16,7,3,76,53,69.7%,678,12.8,8.9,4,98.5,11.0,439,239,0,0,0,0.0,0,58,3,4.9%
130,Christian Jones\JoneCh05,DET,27,RLB,16,16,0,30,23,76.7%,239,10.4,8.0,3,132.5,4.1,86,153,30,1,3,1.0,5,69,4,5.5%
131,Jason Pierre-Paul\PierJa99,TAM,29,RDE,16,16,0,2,2,100.0%,10,5.0,5.0,0,87.5,4.0,8,2,0,12,5,12.5,30,58,10,14.7%
132,Mike Adams\AdamMi21,CAR,37,FS,16,16,3,41,30,73.2%,539,18.0,13.1,4,117.2,11.6,381,158,19,2,0,0.0,2,75,7,8.5%
133,Desmond King+\KingDe01,LAC,24,DB,16,8,3,87,64,73.6%,508,7.9,5.8,2,81.0,4.5,140,368,14,2,1,0.0,3,62,10,13.9%
134,J.J. Watt*+\WattJ.00,HOU,29,LDE,16,16,0,2,1,50.0%,1,1.0,0.5,0,56.2,-3.5,-2,3,0,32,11,16.0,60,61,8,11.6%
135,Jonathan Bostic\BostJo00,PIT,27,LILB,16,14,0,40,30,75.0%,331,11.0,8.3,2,115.7,5.8,136,195,54,5,1,2.5,9,73,2,2.7%
136,A.J. Bouye\BouyA.00,JAX,27,RCB,13,13,1,66,42,63.6%,420,10.0,6.4,0,75.3,9.4,282,138,0,0,0,0.0,0,54,6,10.0%
137,Thomas Davis\DaviTh20,CAR,35,RLB,12,12,0,45,35,77.8%,324,9.3,7.2,2,111.5,4.4,124,200,50,1,2,0.0,3,79,7,8.1%
138,Reggie Ragland\RaglRe00,KAN,25,RILB,16,15,1,23,17,73.9%,228,13.4,9.9,1,101.4,4.6,70,158,12,2,0,0.5,3,86,14,14.0%
139,Darian Stewart\StewDa00,DEN,30,SS,14,14,2,35,25,71.4%,430,17.2,12.3,2,108.0,8.4,159,271,14,2,0,1.0,4,60,9,13.0%
140,Alex Anzalone\AnzaAl00,NOR,24,mlb,16,7,1,32,25,78.1%,238,9.5,7.4,0,84.6,5.0,112,126,47,4,3,2.0,9,59,5,7.8%
141,Kyle Fuller *+\FullKy00,CHI,26,LCB,16,16,7,121,68,56.2%,808,11.9,6.7,4,63.7,10.8,571,237,0,0,0,0.0,0,55,5,8.3%
142,Patrick Peterson*\PetePa00,ARI,28,LCB,16,16,2,60,35,58.3%,417,11.9,7.0,4,88.0,10.3,261,156,3,1,0,1.0,2,54,6,10.0%
143,Bradley Roby\RobyBr00,DEN,26,LCB,15,15,1,92,58,63.0%,847,14.6,9.2,7,113.8,10.6,481,366,2,0,0,0.0,0,50,13,20.6%
144,Briean Boddy-Calhoun\BoddBr01,CLE,25,db,16,8,0,65,45,69.2%,579,12.9,8.9,1,102.0,6.8,301,278,14,0,3,0.0,3,56,9,13.8%
145,DeForest Buckner *\BuckDe00,SFO,24,RDT,16,16,0,1,1,100.0%,6,6.0,6.0,0,91.7,1.0,1,5,0,15,6,12.0,34,67,6,8.2%
146,Morris Claiborne\ClaiMo00,NYJ,28,RCB,15,15,2,94,49,52.1%,704,14.4,7.5,4,82.0,12.8,489,215,0,0,0,0.0,0,57,9,13.6%
147,Tashaun Gipson\GipsTa00,JAX,28,FS,16,16,1,46,24,52.2%,341,14.2,7.4,4,96.4,11.0,195,146,15,2,1,0.0,3,54,8,12.9%
148,B.J. Goodson\GoodB.00,NYG,25,LILB,15,13,2,30,19,63.3%,170,8.9,5.7,0,50.7,2.8,54,116,19,1,3,0.5,5,61,5,7.6%
149,Mike Hilton\HiltMi01,PIT,24,,15,2,1,68,41,60.3%,428,10.4,6.3,2,82.2,7.4,265,163,47,1,3,1.0,5,57,4,6.6%
150,Gerald Hodges\HodgGe00,ARI,27,te,16,6,0,22,18,81.8%,160,8.9,7.3,0,97.0,4.3,59,101,16,1,1,0.0,2,55,5,8.3%
151,Jonathan Jones\JoneJo03,NWE,25,db,16,5,3,73,43,58.9%,531,12.3,7.3,4,82.6,8.5,249,282,19,3,1,1.5,6,56,9,13.8%
152,Tre'Davious White\WhitTr01,BUF,23,LCB,16,16,2,73,40,54.8%,461,11.5,6.3,2,71.8,11.6,329,132,1,0,0,0.0,0,54,7,11.5%
153,P.J. Williams\WillP.00,NOR,25,MLB,15,7,1,79,50,63.3%,644,12.9,8.2,7,113.1,8.3,356,288,13,0,1,1.0,2,53,7,11.7%
154,Robert Alford\AlfoRo00,ATL,30,LCB,15,15,0,79,53,67.1%,887,16.7,11.2,8,138.5,13.9,620,267,1,0,0,0.0,0,50,8,13.8%
155,Mark Barron\BarrMa00,LAR,29,rilb,12,12,0,37,22,59.5%,214,9.7,5.8,1,84.7,6.2,65,149,8,0,0,1.0,1,60,7,10.4%
156,Justin Evans\EvanJu00,TAM,23,FS,10,10,1,26,21,80.8%,259,12.3,10.0,5,131.7,9.6,195,64,2,0,0,0.0,0,59,5,7.8%
157,Corey Graham\GrahCo99,PHI,33,SS,13,9,1,29,22,75.9%,305,13.9,10.5,3,129.2,13.6,237,68,13,0,0,0.0,0,56,4,6.7%
158,Nevin Lawson\LawsNe00,DET,27,RCB,15,14,0,73,43,58.9%,520,12.1,7.1,5,103.7,10.3,350,170,6,0,0,1.0,1,53,3,5.4%
159,Darron Lee\LeexDa00,NYJ,24,LILB,12,12,3,53,36,67.9%,334,9.3,6.3,1,67.6,4.0,118,216,36,0,1,0.0,1,74,12,14.0%
160,Eric Murray\MurrEr00,KAN,24,SS,15,9,1,37,21,56.8%,286,13.6,7.7,3,97.4,13.5,208,78,10,1,1,0.0,2,55,4,6.8%
161,Dee Ford*\FordDe00,KAN,27,LOLB,16,16,0,7,6,85.7%,81,13.5,11.6,0,114.9,1.7,6,75,50,23,17,13.0,54,55,2,3.5%
162,Brent Grimes\GrimBr20,TAM,35,RCB,13,13,0,57,39,68.4%,541,13.9,9.5,3,116.2,11.7,380,161,0,0,0,0.0,0,48,4,7.7%
163,A.J. Klein\KleiAJ00,NOR,27,RLB,16,15,1,35,22,62.9%,247,11.2,7.1,0,72.0,5.8,130,117,53,1,2,2.0,5,70,5,6.7%
164,DeMarcus Lawrence*\LawrDe00,DAL,26,LDE,16,15,1,1,0,0.0%,0,,0.0,0,0.0,0.0,0,0,0,20,10,10.5,42,64,10,13.5%
165,D.J. Swearinger\SweaDJ00,WAS,27,FS,15,15,4,47,29,61.7%,369,12.7,7.9,2,64.9,10.1,234,135,18,5,1,1.0,7,53,11,17.2%
166,Bene Benwikere\BenwBe00,2TM,27,,15,8,1,60,38,63.3%,383,10.1,6.4,2,85.6,8.7,207,176,8,0,0,0.5,1,54,8,12.9%
167,Bradley Chubb\ChubBr00,DEN,22,LOLB,16,16,0,13,7,53.8%,120,17.1,9.2,1,111.1,4.3,37,83,66,15,8,12.0,36,60,13,17.8%
168,Justin Coleman\ColeJu01,SEA,25,db,16,5,1,78,48,61.5%,524,10.9,6.7,2,84.6,6.0,185,339,19,2,0,0.5,3,55,9,14.1%
169,Aaron Donald*+\DonaAa00,LAR,27,RDT,16,16,0,1,0,0.0%,0,,0.0,0,39.6,-2.0,0,0,0,30,19,20.5,70,59,6,9.2%
170,Casey Hayward\HaywCa00,LAC,29,RCB,16,16,0,66,35,53.0%,501,14.3,7.6,3,93.1,12.2,390,111,0,0,0,0.0,0,46,2,4.2%
171,Akiem Hicks*\HickAk00,CHI,29,LDE,16,16,0,1,1,100.0%,6,6.0,6.0,0,91.7,4.0,4,2,0,14,7,7.5,29,55,5,8.3%
172,Micah Hyde\HydeMi00,BUF,28,SS,15,15,2,46,25,54.3%,256,10.2,5.6,8,92.0,12.8,189,67,14,0,0,0.0,0,58,8,12.1%
173,Eddie Jackson *+\JackEd01,CHI,26,SS,14,14,6,54,27,50.0%,311,11.5,5.8,2,40.5,11.5,138,173,1,0,0,1.0,1,51,11,17.7%
174,Xavier Rhodes\RhodXa00,MIN,28,RCB,14,14,1,80,49,61.3%,557,11.4,7.0,2,85.3,10.7,348,209,0,0,0,0.0,0,47,3,6.0%
175,Darryl Roberts\RobeDa00,NYJ,28,lcb,16,10,1,57,34,59.6%,449,13.2,7.9,4,100.7,12.7,307,142,1,0,1,0.0,1,48,11,18.6%
176,Adarius Taylor\GlanAd00,TAM,28,MLB,15,10,1,32,25,78.1%,271,10.8,8.5,2,109.8,4.5,130,141,26,2,0,1.0,3,60,6,9.1%
177,Michael Thomas*\ThomMi02,NYG,28,ss,16,6,2,31,15,48.4%,159,10.6,5.1,0,36.9,7.1,104,55,15,0,0,1.0,1,59,5,7.8%
178,Tedric Thompson\ThomTe00,SEA,23,FS,14,10,1,22,14,63.6%,269,19.2,12.2,3,126.7,14.6,204,65,1,0,0,0.0,0,57,11,16.2%
179,Kenny Vaccaro\VaccKe00,TEN,27,SS,13,13,1,32,17,53.1%,198,11.6,6.2,2,79.9,11.5,122,76,17,3,1,2.0,6,58,4,6.5%
180,Denzel Ward *\WardDe02,CLE,21,LCB,13,12,3,90,46,51.1%,507,11.0,5.6,5,72.8,9.9,352,155,0,0,0,0.0,0,53,10,15.9%
181,Kentrell Brice\BricKe00,GNB,24,FS,14,10,0,32,25,78.1%,378,15.1,11.8,4,155.5,8.4,236,142,8,0,0,1.0,1,50,18,26.5%
182,Michael Davis\DaviMi03,LAC,23,LCB,16,9,0,67,42,62.7%,521,12.4,7.8,3,101.6,9.1,340,181,0,0,0,0.0,0,50,6,10.7%
183,Jordan Evans\EvanJo01,CIN,23,rlb,14,5,1,25,17,68.0%,189,11.1,7.6,3,113.2,5.3,97,92,8,0,0,1.5,2,61,3,4.7%
184,Marcus Gilchrist\GilcMa00,OAK,30,SS,16,16,3,61,37,60.7%,448,12.1,7.3,9,102.3,13.5,309,139,7,0,0,0.0,0,58,7,10.8%
185,Stephon Gilmore*+\GilmSt00,NWE,28,RCB,16,16,2,95,46,48.4%,518,11.3,5.5,5,73.9,14.1,420,98,2,0,0,1.0,1,45,1,2.2%
186,Chris Harris Jr.*\HarrCh01,DEN,29,RCB,12,12,3,71,46,64.8%,497,10.8,7.0,4,86.4,7.8,345,152,8,0,0,1.0,1,49,6,10.9%
187,Isaiah Johnson\JohnIs00,TAM,26,,15,4,1,26,20,76.9%,316,15.8,12.2,5,140.4,14.0,220,96,5,0,0,0.0,0,48,3,5.9%
188,Josh Jones\JoneJo06,GNB,24,fs,13,5,0,27,20,74.1%,220,11.0,8.1,1,110.1,7.9,146,74,27,1,0,1.0,2,55,7,11.3%
189,Josh Norman\NormJo01,WAS,31,RCB,16,16,3,86,57,66.3%,733,12.9,8.5,8,109.3,8.5,396,337,0,0,0,0.0,0,64,11,14.7%
190,Coty Sensabaugh\SensCo00,PIT,30,RCB,15,10,0,61,35,57.4%,397,11.3,6.5,4,98.9,11.2,279,118,1,0,0,0.0,0,45,2,4.3%
191,Darius Slay*\SlayDa00,DET,27,LCB,15,15,3,94,44,46.8%,520,11.8,5.5,6,72.1,14.2,403,117,1,0,0,0.0,0,43,3,6.5%
192,K'Waun Williams\WillKW00,SFO,27,DB,14,11,0,53,40,75.5%,389,9.7,7.3,3,114.4,5.9,156,233,19,4,0,0.0,4,45,8,15.1%
193,Tramon Williams\WillTr99,GNB,35,SS,16,16,0,62,34,54.8%,427,12.6,6.9,7,114.1,10.3,275,152,15,0,0,0.0,0,54,7,11.5%
194,Kenny Young\YounKe03,BAL,24,,16,3,0,23,15,65.2%,93,6.2,4.0,1,87.8,1.6,-1,94,36,4,6,2.5,13,51,8,13.6%
195,Anthony Barr*\BarrAn00,MIN,26,RLB,13,13,0,34,27,79.4%,284,10.5,8.4,3,130.9,3.0,64,220,72,6,0,3.0,9,55,7,11.3%
196,Bryce Callahan\CallBr00,CHI,27,DB,13,10,2,53,38,71.7%,350,9.2,6.6,1,79.9,5.7,126,224,18,3,3,2.0,8,45,6,11.8%
197,Brandon Carr\CarrBr99,BAL,32,LCB,16,16,2,92,46,50.0%,696,15.1,7.6,0,66.2,11.8,404,292,14,1,1,0.0,2,45,8,15.1%
198,Ronald Darby\DarbRo00,PHI,24,RCB,9,9,1,82,50,61.0%,525,10.5,6.4,3,86.7,10.7,400,125,1,0,0,0.0,0,43,7,14.0%
199,D.J. Hayden\HaydDJ00,JAX,28,db,10,6,1,49,37,75.5%,256,6.9,5.2,1,85.1,4.3,53,203,15,0,1,1.0,2,46,8,14.8%
200,Josh Jackson\JackJo01,GNB,22,rcb,16,10,0,64,40,62.5%,557,13.9,8.7,3,106.1,9.6,326,231,19,2,0,0.0,2,49,11,18.3%
201,Xavier Woods\WoodXa00,DAL,23,FS,14,14,2,40,24,60.0%,298,12.4,7.5,2,79.0,8.0,163,135,0,0,0,0.0,0,56,6,9.7%
202,Anthony Brown\BrowAn02,DAL,25,db,15,10,1,64,40,62.5%,515,12.9,8.0,5,107.2,8.9,248,267,17,0,1,2.0,3,44,8,15.4%
203,Jadeveon Clowney*\ClowJa00,HOU,25,ROLB,15,14,0,1,0,0.0%,0,,0.0,0,39.6,2.0,0,0,20,27,11,9.0,48,47,8,14.5%
204,L.J. Fort\FortL.00,PIT,28,,15,2,0,25,19,76.0%,203,10.7,8.1,1,112.6,6.1,111,92,31,2,1,1.0,4,48,3,5.9%
205,Josey Jewell\JeweJo00,DEN,24,RILB,16,9,0,31,20,64.5%,180,9.0,5.8,3,112.3,3.7,45,135,13,1,0,0.0,1,58,4,6.5%
206,Chandler Jones\JoneCh03,ARI,28,RDE,16,16,0,4,4,100.0%,12,3.0,3.0,0,79.2,1.3,5,7,6,19,6,13.0,39,49,8,14.0%
207,Captain Munnerlyn\MunnCa99,CAR,30,db,16,5,1,73,48,65.8%,512,10.7,7.0,2,89.5,7.3,229,283,31,4,0,2.0,6,47,3,6.0%
208,Hardy Nickerson\NickHa02,CIN,24,mlb,16,7,0,36,27,75.0%,325,12.0,9.0,2,120.7,5.1,156,169,25,0,0,0.0,0,57,5,8.1%
209,Orlando Scandrick\ScanOr99,KAN,31,lcb,15,7,1,92,52,56.5%,535,10.3,5.8,5,87.0,11.2,373,162,0,0,0,0.0,0,44,5,10.2%
210,Khalil Mack*+\MackKh00,CHI,27,LOLB,14,13,1,8,6,75.0%,96,16.0,12.0,1,114.6,5.0,27,69,19,26,8,12.5,47,47,6,11.3%
211,Barkevious Mingo\MingBa00,SEA,28,LLB,16,14,0,24,20,83.3%,164,8.2,6.8,0,95.1,1.8,35,129,35,2,1,1.0,4,48,8,14.3%
212,Fabian Moreau\MoreFa00,WAS,24,LCB,16,10,1,62,38,61.3%,570,15.0,9.2,3,100.9,9.8,350,220,10,2,0,0.0,2,58,5,7.9%
213,Patrick Onwuasor\OnwuPa00,BAL,26,RILB,16,12,1,28,21,75.0%,161,7.7,5.8,2,97.5,3.7,61,100,43,0,5,5.5,11,59,9,13.2%
214,Duke Riley\RileDu00,ATL,24,LLB,16,10,0,32,20,62.5%,179,9.0,5.6,1,87.9,3.9,48,131,4,0,0,0.0,0,60,8,11.8%
215,Jabaal Sheard\SheaJa00,IND,29,LDE,16,16,0,4,3,75.0%,15,5.0,3.8,0,80.2,-1.0,-1,16,0,11,4,5.5,23,50,6,10.7%
216,Mackensie Alexander\AlexMa01,MIN,25,db,15,6,0,53,35,66.0%,318,9.1,6.0,0,82.1,5.0,93,225,17,1,0,4.0,5,43,5,10.4%
217,Jurrell Casey*\CaseJu00,TEN,29,RDE,15,15,0,0,0,,0,,,0,,,0,0,2,15,5,7.0,28,62,5,7.5%
218,Kenny Clark\ClarKe01,GNB,23,NT,13,13,0,1,1,100.0%,9,9.0,9.0,0,104.2,5.0,5,4,1,7,2,6.0,15,55,5,8.3%
219,Carlton Davis\DaviCa02,TAM,22,LCB,13,12,0,62,39,62.9%,492,12.6,7.9,6,119.8,11.6,364,128,1,0,0,0.0,0,40,7,14.9%
220,Erik Harris\HarrEr00,OAK,28,,16,4,2,26,12,46.2%,151,12.6,5.8,2,58.3,16.5,119,32,12,0,1,0.0,1,49,4,7.5%
221,Linval Joseph\JoseLi99,MIN,30,RDT,15,15,0,1,1,100.0%,-5,-5.0,-5.0,0,79.2,-5.0,-5,0,0,3,1,1.0,5,58,3,4.9%
222,Marquel Lee\LeexMa01,OAK,23,MLB,16,10,0,25,18,72.0%,120,6.7,4.8,0,82.1,2.6,11,109,14,2,3,0.0,5,68,6,8.1%
223,Jalen Mills\MillJa02,PHI,24,LCB,8,8,0,61,39,63.9%,636,16.3,10.4,2,109.7,12.6,426,210,1,0,0,0.0,0,42,8,16.0%
224,Ndamukong Suh\SuhxNd99,LAR,31,LDT,16,16,0,2,2,100.0%,12,6.0,6.0,0,91.7,1.5,3,9,0,5,8,4.5,18,59,3,4.8%
225,Jonathan Allen\AlleJo01,WAS,23,LDE,16,16,0,0,0,,0,,,0,,,0,0,0,8,5,8.0,22,61,4,6.2%
226,Quinton Dunbar\DunbQu00,WAS,26,lcb,7,6,2,47,31,66.0%,367,11.8,7.8,4,100.2,8.2,197,170,0,0,0,0.0,0,39,3,7.1%
227,Myles Garrett *\GarrMy00,CLE,23,LDE,16,16,0,4,3,75.0%,30,10.0,7.5,0,95.8,4.5,6,24,19,19,13,13.5,48,44,6,12.0%
228,Trumaine Johnson\JohnTr05,NYJ,28,LCB,10,10,4,72,43,59.7%,535,12.4,7.4,2,68.9,10.1,332,203,1,0,0,0.0,0,40,5,11.1%
229,Chris Jones\JoneCh09,KAN,24,RDE,16,11,1,1,1,100.0%,-1,-1.0,-1.0,0,39.6,-1.0,-1,0,0,19,13,15.5,49,40,5,11.1%
230,Cameron Jordan*\JordCa00,NOR,29,LDE,16,16,0,3,2,66.7%,20,10.0,6.7,0,85.4,5.0,11,9,2,24,7,12.0,43,49,6,10.9%
231,Dre Kirkpatrick\KirkDr00,CIN,29,LCB,13,13,0,72,36,50.0%,504,14.0,7.0,2,82.2,14.2,361,143,1,0,0,0.0,0,41,8,16.3%
232,Da'Ron Payne\PaynDa00,WAS,21,NT,16,16,0,0,0,,0,,,0,,,0,0,0,6,2,5.0,13,56,3,5.1%
233,Tavon Young\YounTa01,BAL,24,,15,6,1,53,33,62.3%,435,13.2,8.2,5,111.8,8.8,239,196,40,2,0,2.0,4,37,9,19.6%
234,Kwon Alexander\AlexKw00,TAM,24,mlb,6,6,0,26,24,92.3%,170,7.1,6.5,2,119.6,2.0,53,117,28,0,1,1.0,2,45,5,10.0%
235,Antone Exum\ExumAn00,SFO,27,fs,15,7,1,19,11,57.9%,181,16.5,9.5,1,85.6,15.2,134,47,9,1,0,1.0,2,40,7,14.9%
236,Leonard Floyd\FloyLe00,CHI,26,ROLB,16,16,1,14,12,85.7%,88,7.3,6.3,1,86.9,4.1,49,39,18,13,6,4.0,23,47,7,13.0%
237,Anthony Harris\HarrAn01,MIN,27,SS,15,9,3,17,10,58.8%,110,11.0,6.5,1,58.1,11.4,81,29,7,0,1,0.0,1,46,3,6.1%
238,William Jackson III\JackWi02,CIN,26,RCB,16,16,0,77,44,57.1%,566,12.9,7.4,7,110.6,12.0,359,207,1,0,0,0.0,0,41,8,16.3%
239,Taron Johnson\JohnTa01,BUF,22,,11,2,1,41,25,61.0%,154,6.2,3.8,2,74.6,5.5,52,102,10,2,0,1.0,3,42,7,14.3%
240,Deion Jones\JoneDe01,ATL,24,llb,6,6,2,31,23,74.2%,209,9.1,6.7,1,75.9,4.7,127,82,5,0,0,1.0,1,53,7,11.7%
241,Karl Joseph\JoseKa00,OAK,25,fs,13,8,1,14,8,57.1%,120,15.0,8.6,2,95.2,14.9,89,31,19,1,0,2.0,3,48,4,7.7%
242,Terrance Mitchell\MitcTe00,CLE,26,rcb,8,7,1,54,30,55.6%,343,11.4,6.4,2,79.5,8.6,175,168,2,0,0,0.0,0,38,0,0.0%
243,Jarran Reed\ReedJa02,SEA,26,LDT,16,16,0,1,1,100.0%,6,6.0,6.0,0,91.7,3.0,3,3,0,8,12,10.5,31,50,4,7.4%
244,A'Shawn Robinson\RobiAS00,DET,23,ldt,13,7,0,0,0,,0,,,0,,,0,0,0,8,1,1.0,10,49,2,3.9%
245,Jimmy Smith\SmitJi03,BAL,30,rcb,12,10,2,61,33,54.1%,417,12.6,6.8,2,72.9,12.3,304,113,2,0,0,0.0,0,45,6,11.8%
246,Trae Waynes\WaynTr00,MIN,26,LCB,14,14,1,58,37,63.8%,441,11.9,7.6,1,85.5,12.9,352,89,1,0,0,0.0,0,44,1,2.2%
247,Arik Armstead\ArmsAr01,SFO,25,RDE,16,16,0,1,1,100.0%,16,16.0,16.0,0,118.7,-5.0,-5,21,0,14,5,3.0,22,48,7,12.7%
248,Michael Brockers\BrocMi00,LAR,28,LDE,16,16,0,1,0,0.0%,0,,0.0,0,39.6,-2.0,0,0,0,6,2,1.0,9,54,3,5.3%
249,Frank Clark\ClarFr01,SEA,25,RDE,16,16,1,5,5,100.0%,34,6.8,6.8,0,55.4,0.8,4,30,2,22,12,13.0,48,41,11,21.2%
250,Fletcher Cox*+\CoxxFl00,PHI,28,RDT,16,16,0,2,2,100.0%,2,1.0,1.0,0,79.2,-5.0,-10,12,0,15,18,10.5,45,46,3,6.1%
251,Rashaan Evans\EvanRa01,TEN,23,rilb,15,7,0,20,14,70.0%,137,9.8,6.9,0,89.0,4.8,79,58,25,2,1,0.0,3,53,6,10.2%
252,Kamu Grugier-Hill\GrugKa00,PHI,24,LLB,16,10,1,19,15,78.9%,107,7.1,5.6,0,68.2,5.3,40,67,8,0,1,1.0,2,45,3,6.3%
253,Derrick Kindred\KindDe00,CLE,25,,16,2,1,23,18,78.3%,247,13.7,10.7,1,107.8,6.8,159,88,22,0,1,0.0,1,45,7,13.5%
254,Larry Ogunjobi\OgunLa00,CLE,24,LDT,16,16,0,2,2,100.0%,18,9.0,9.0,0,104.2,4.5,9,9,0,9,7,5.5,23,52,3,5.5%
255,Corey Peters\PeteCo00,ARI,30,LDT,15,15,0,0,0,,0,,,0,,,0,0,0,3,1,2.5,7,50,4,7.4%
256,Marcus Peters\PeteMa00,LAR,25,LCB,16,16,3,78,50,64.1%,732,14.6,9.4,6,104.2,10.1,489,243,2,0,1,0.0,1,43,7,14.0%
257,Austin Calitro\CaliAu00,SEA,24,rlb,16,5,0,22,18,81.8%,170,9.4,7.7,2,129.2,5.1,72,98,5,0,0,0.5,1,45,4,8.2%
258,Barry Church\ChurBa99,JAX,30,SS,11,11,1,30,16,53.3%,283,17.7,9.4,4,111.5,12.3,169,114,5,0,1,1.0,2,38,6,13.6%
259,Trey Flowers\FlowTr00,NWE,25,LDE,15,15,0,5,3,60.0%,13,4.3,2.6,0,64.6,-2.6,-7,20,1,17,10,7.5,36,57,2,3.4%
260,Rodney Gunter\GuntRo00,ARI,26,RDT,16,10,0,0,0,,0,,,0,,,0,0,0,7,4,4.5,16,44,4,8.3%
261,Javon Hargrave\HargJa00,PIT,25,NT,16,14,0,0,0,,0,,,0,,,0,0,0,2,1,6.5,10,49,1,2.0%
262,Duron Harmon\HarmDu00,NWE,27,db,16,6,4,18,11,61.1%,198,18.0,11.0,1,77.8,12.7,132,66,14,0,1,0.0,1,38,1,2.6%
263,B.J. Hill\HillB.00,NYG,23,LDE,16,12,0,0,0,,0,,,0,,,0,0,0,7,1,5.5,14,48,2,4.0%
264,Jaquiski Tartt\TartJa00,SFO,26,SS,8,8,1,29,20,69.0%,205,10.3,7.1,2,97.6,6.6,98,107,12,0,0,0.0,0,42,5,10.6%
265,Carlos Dunlap\DunlCa99,CIN,29,LDE,16,16,0,2,2,100.0%,5,2.5,2.5,0,79.2,-3.5,-7,12,1,18,12,8.0,38,47,3,6.0%
266,Phillip Gaines\GainPh00,2TM,27,,11,6,0,35,22,62.9%,290,13.2,8.3,1,98.5,11.3,235,55,2,0,0,0.0,0,39,1,2.5%
267,Davon Godchaux\GodcDa00,MIA,24,LDT,16,16,0,0,0,,0,,,0,,,0,0,1,4,3,1.0,8,48,5,9.4%
268,Brandon Graham\GrahBr99,PHI,30,RDE,16,16,0,2,1,50.0%,4,4.0,2.0,0,56.2,-3.0,-3,7,3,17,4,4.0,26,39,6,13.3%
269,Marlon Humphrey\HumpMa00,BAL,22,RCB,14,8,2,89,42,47.2%,471,11.2,5.3,4,69.1,11.0,310,161,0,0,0,0.0,0,37,8,17.8%
270,Dean Lowry\LowrDe00,GNB,24,LDE,16,8,0,0,0,,0,,,0,,,0,0,1,9,2,3.0,14,44,7,13.7%
271,Benson Mayowa\MayoBe00,ARI,27,,15,4,0,2,0,0.0%,0,,0.0,0,39.6,4.0,0,0,0,7,5,4.0,16,38,5,11.6%
272,Sharrod Neasman\NeasSh00,ATL,27,,12,0,0,33,22,66.7%,238,10.8,7.2,4,127.3,7.8,144,94,4,0,0,0.0,0,44,7,13.7%
273,Elandon Roberts\RobeEl00,NWE,24,RLB,16,11,0,26,19,73.1%,229,12.1,8.8,0,99.7,4.9,108,121,22,1,1,1.0,3,65,4,5.8%
274,Ryan Smith\SmitRy00,TAM,25,lcb,16,6,1,43,27,62.8%,320,11.9,7.4,4,106.7,12.0,248,72,0,0,0,0.0,0,38,3,7.3%
275,M.J. Stewart\StewM.00,TAM,23,db,11,5,0,45,37,82.2%,423,11.4,9.4,4,135.5,7.4,204,219,19,1,1,0.0,2,33,4,10.8%
276,Greg Stroman\StroGr00,WAS,22,,15,3,1,44,28,63.6%,439,15.7,10.0,3,109.9,11.3,241,198,2,1,0,0.0,1,38,3,7.3%
277,Eric Wilson\WilsEr00,MIN,24,,16,4,0,19,16,84.2%,95,5.9,5.0,1,105.0,0.7,14,81,15,1,1,2.0,4,42,5,10.6%
278,Derek Wolfe\WolfDe00,DEN,28,LDE,16,16,1,0,0,,0,,,0,,,0,0,0,5,3,1.5,10,43,0,0.0%
279,Genard Avery\AverGe00,CLE,23,LLB,16,5,0,21,14,66.7%,168,12.0,8.0,1,106.8,5.3,58,110,77,12,8,4.5,25,40,3,7.0%
280,Tony Brown\BrowTo01,GNB,23,,11,3,0,39,22,56.4%,223,10.1,5.7,2,90.0,9.5,165,58,0,0,0,0.0,0,34,2,5.6%
281,Deone Bucannon\BucaDe00,ARI,26,DB,13,6,0,17,12,70.6%,114,9.5,6.7,1,108.5,3.0,39,75,20,2,1,1.0,4,38,7,15.6%
282,Rafael Bush\BushRa00,BUF,31,,15,7,0,37,30,81.1%,281,9.4,7.6,3,125.3,5.0,114,167,15,1,0,1.5,3,45,6,11.8%
283,Lorenzo Carter\CartLo01,NYG,23,,15,2,0,6,4,66.7%,8,2.0,1.3,0,70.1,4.3,6,2,32,10,5,4.0,19,43,0,0.0%
284,Bud Dupree\DuprAl00,PIT,25,ROLB,16,15,1,10,9,90.0%,87,9.7,8.7,0,63.3,3.0,31,56,76,13,6,5.5,25,42,3,6.7%
285,Holton Hill\HillHo00,MIN,21,,16,3,1,24,13,54.2%,142,10.9,5.9,1,68.4,15.5,124,18,0,0,0,0.0,0,36,3,7.7%
286,Malik Hooker\HookMa00,IND,22,FS,14,14,2,19,14,73.7%,302,21.6,15.9,2,111.1,18.8,195,107,0,0,0,0.0,0,44,5,10.2%
287,Jerry Hughes\HughJe99,BUF,30,RDE,16,16,0,3,1,33.3%,13,13.0,4.3,0,47.9,4.7,12,1,3,21,10,7.0,39,37,10,21.3%
288,Devon Kennard\KennDe00,DET,27,LLB,15,15,0,8,5,62.5%,40,8.0,5.0,0,75.0,0.0,-5,45,61,13,5,7.0,25,46,3,6.1%
289,Ryan Kerrigan*\KerrRy00,WAS,30,ROLB,16,16,0,5,2,40.0%,21,10.5,4.2,0,52.9,5.0,1,20,32,12,4,13.0,30,43,2,4.4%
290,Marcus Maye\MayeMa00,NYJ,25,FS,6,6,1,13,7,53.8%,101,14.4,7.8,2,86.9,14.4,64,37,1,0,0,0.5,1,34,5,12.8%
291,Nicholas Morrow\MorrNi00,OAK,23,LLB,16,5,0,27,20,74.1%,177,8.9,6.6,0,91.1,1.1,13,164,15,2,1,1.0,4,43,9,17.3%
292,Denzel Perryman\PerrDe00,LAC,26,MLB,9,9,1,28,15,53.6%,167,11.1,6.0,2,80.5,4.8,71,96,4,2,1,0.0,3,51,9,15.0%
293,D.J. Reed\ReedD.00,SFO,22,,15,2,0,16,14,87.5%,122,8.7,7.6,1,119.3,9.3,61,61,8,2,0,1.0,3,41,5,10.9%
294,Richard Sherman\SherRi00,SFO,30,LCB,14,14,0,39,24,61.5%,287,12.0,7.4,1,92.6,11.9,200,87,1,0,0,1.0,1,37,2,5.1%
295,Preston Smith\SmitPr00,WAS,26,LOLB,16,16,1,12,9,75.0%,36,4.0,3.0,0,42.4,2.0,12,24,32,12,9,4.0,26,53,9,14.5%
296,Tavon Wilson\WilsTa00,DET,28,,15,3,0,21,13,61.9%,126,9.7,6.0,1,94.5,7.9,82,44,3,0,0,1.0,1,36,4,10.0%
297,Ahkello Witherspoon\WithAh00,SFO,23,RCB,14,12,0,78,43,55.1%,493,11.5,6.3,7,104.3,12.4,329,164,1,0,0,0.0,0,37,5,11.9%
298,Daryl Worley\WorlDa00,OAK,23,LCB,10,9,1,38,22,57.9%,272,12.4,7.2,4,104.3,11.4,220,52,0,0,0,0.0,0,33,9,21.4%
299,Andrew Adams\AdamAn00,TAM,26,,13,4,4,39,23,59.0%,264,11.5,6.8,0,39.9,9.4,179,85,3,0,1,0.0,1,38,8,17.4%
300,Kyler Fackrell\FackKy00,GNB,27,rolb,16,7,0,10,4,40.0%,30,7.5,3.0,0,47.9,7.5,7,23,41,6,1,10.5,18,42,7,14.3%
301,Ben Gedeon\GedeBe00,MIN,24,llb,15,8,0,12,8,66.7%,85,10.6,7.1,0,87.2,5.7,24,61,5,0,0,0.0,0,53,3,5.4%
302,Grant Haley\HaleGr00,NYG,22,lolb,10,9,0,36,23,63.9%,298,13.0,8.3,4,126.9,6.2,113,185,15,2,0,0.0,2,33,1,2.9%
303,Cameron Heyward*\HeywCa01,PIT,29,DT,16,16,0,1,0,0.0%,0,,0.0,0,39.6,3.0,0,0,0,7,9,8.0,25,51,1,1.9%
304,Troy Hill\HillTr01,LAR,27,rcb,16,7,2,47,29,61.7%,458,15.8,9.7,4,104.7,13.1,340,118,0,0,0,0.0,0,34,4,10.5%
305,Matt Judon\JudoMa00,BAL,26,ROLB,16,8,0,14,6,42.9%,52,8.7,3.7,0,53.3,0.4,-10,62,70,18,10,7.0,36,44,7,13.7%
306,Christian Kirksey\KirkCh00,CLE,26,llb,7,7,2,42,31,73.8%,322,10.4,7.7,2,91.6,5.0,126,196,37,2,1,0.0,3,43,8,15.7%
307,Clay Matthews\MattCl99,GNB,32,LOLB,16,16,0,6,4,66.7%,88,22.0,14.7,0,109.7,2.3,17,71,63,10,7,3.5,21,43,7,14.0%
308,Von Miller*\MillVo00,DEN,29,ROLB,16,16,1,5,4,80.0%,43,10.8,8.6,1,102.5,2.2,16,27,88,12,7,14.5,35,48,6,11.1%
309,Montae Nicholson\NichMo00,WAS,23,ss,14,7,0,15,8,53.3%,82,10.3,5.5,1,91.5,6.9,15,67,8,0,0,0.0,0,41,7,14.6%
310,Kawann Short*\ShorKa00,CAR,29,LDT,14,14,0,0,0,,0,,,0,,,0,0,0,9,3,3.0,16,42,5,10.6%
311,Denico Autry\AutrDe00,IND,28,RDT,12,11,0,1,1,100.0%,12,12.0,12.0,0,116.7,-2.0,-2,14,0,7,2,9.0,18,37,3,7.5%
312,Marqui Christian\ChriMa00,LAR,24,,16,0,0,36,23,63.9%,307,13.3,8.5,0,90.9,9.9,181,126,10,0,1,0.0,1,36,4,10.0%
313,Ken Crawley\CrawKe02,NOR,25,lcb,10,5,0,47,33,70.2%,514,15.6,10.9,4,134.5,13.3,398,116,3,2,0,0.0,2,31,2,6.1%
314,Justin Houston\HousJu00,KAN,29,ROLB,12,12,1,10,7,70.0%,55,7.9,5.5,0,43.7,0.1,3,52,23,15,4,9.0,29,37,6,14.0%
315,Melvin Ingram*\IngrMe00,LAC,29,RDE,16,16,1,1,1,100.0%,5,5.0,5.0,0,47.9,-3.0,-3,8,20,16,7,7.0,31,43,5,10.4%
316,Avonte Maddox\MaddAv00,PHI,22,rcb,13,9,2,42,19,45.2%,243,12.8,5.8,1,52.0,12.1,183,60,2,0,0,0.5,1,35,4,10.3%
317,Romeo Okwara\OkwaRo01,DET,23,LDE,15,14,0,3,1,33.3%,23,23.0,7.7,0,61.8,1.0,1,22,11,9,6,7.5,23,39,2,4.9%
318,Dalvin Tomlinson\TomlDa00,NYG,24,RDE,16,16,0,2,1,50.0%,14,14.0,7.0,0,72.9,2.5,8,6,0,8,0,0.0,8,59,1,1.7%
319,Damien Wilson\WilsDa02,DAL,25,LLB,16,7,0,21,16,76.2%,170,10.6,8.1,2,131.1,5.8,66,104,15,3,0,1.0,4,37,8,17.8%
320,Allen Bailey\BailAl00,KAN,29,LDE,16,13,0,1,1,100.0%,-2,-2.0,-2.0,0,79.2,-4.0,-4,2,0,8,3,6.0,17,38,9,19.1%
321,Preston Brown\BrowPr00,CIN,26,MLB,7,7,2,24,17,70.8%,156,9.2,6.5,0,53.5,2.8,45,111,11,2,0,0.0,2,42,1,2.3%
322,Reggie Gilbert\GilbRe01,GNB,25,,16,0,0,5,4,80.0%,32,8.0,6.4,0,93.3,3.6,16,16,31,10,5,2.5,18,38,6,13.6%
323,Eddie Goldman\GoldEd00,CHI,24,NT,16,16,0,0,0,,0,,,0,,,0,0,0,5,0,3.0,8,40,0,0.0%
324,Sam Hubbard\HubbSa00,CIN,23,,16,0,0,5,4,80.0%,52,13.0,10.4,1,149.6,-0.8,0,52,1,5,2,6.0,13,39,6,13.3%
325,Grady Jarrett\JarrGr00,ATL,25,RDT,14,14,0,1,1,100.0%,5,5.0,5.0,0,87.5,3.0,3,2,0,14,7,6.0,28,52,4,7.1%
326,Jayron Kearse\KearJa00,MIN,24,,16,1,0,17,12,70.6%,80,6.7,4.7,0,80.5,3.3,28,52,1,0,0,0.5,1,32,1,3.0%
327,Cassius Marsh\MarsCa00,SFO,26,,16,3,0,11,7,63.6%,51,7.3,4.6,0,74.4,5.4,19,32,6,18,7,5.5,31,38,3,7.3%
328,Antonio Morrison\MorrAn01,GNB,24,RILB,16,8,0,12,10,83.3%,91,9.1,7.6,0,98.3,3.8,41,50,14,0,1,1.0,2,48,7,12.7%
329,Jordan Richards\RichJo00,ATL,25,FS,15,12,0,30,21,70.0%,239,11.4,8.0,1,104.7,4.6,53,186,4,0,1,0.0,1,39,5,11.4%
330,Stephon Tuitt\TuitSt00,PIT,25,RDE,14,14,0,1,1,100.0%,8,8.0,8.0,0,100.0,2.0,2,6,0,14,12,5.5,32,45,2,4.3%
331,Leonard Williams\WillLe02,NYJ,24,LDE,16,16,0,0,0,,0,,,0,,,0,0,0,8,12,5.0,26,42,10,19.2%
332,Tae Davis\DaviTa00,NYG,22,,14,4,0,23,17,73.9%,198,11.6,8.6,1,114.0,4.7,103,95,14,1,2,2.0,5,33,7,17.5%
333,Neville Hewitt\HewiNe00,NYJ,25,,16,4,0,22,13,59.1%,156,12.0,7.1,1,96.0,5.4,70,86,10,0,0,1.5,2,39,4,9.3%
334,Maurice Hurst Jr.\HursMa00,OAK,23,LDT,13,10,0,1,1,100.0%,0,0.0,0.0,0,79.2,-1.0,-1,1,0,2,0,4.0,6,31,0,0.0%
335,Sheldon Rankins\RankSh00,NOR,24,LDT,16,16,0,6,5,83.3%,28,5.6,4.7,0,86.1,1.8,6,22,0,12,5,8.0,25,40,3,7.0%
336,Sheldon Richardson\RichSh00,MIN,28,LDT,16,16,0,0,0,,0,,,0,,,0,0,0,12,7,4.5,25,49,4,7.5%
337,Za'Darius Smith\SmitZa00,BAL,26,rolb,16,8,0,8,5,62.5%,49,9.8,6.1,0,79.7,1.6,8,41,49,12,13,8.5,35,45,2,4.3%
338,Charvarius Ward\WardCh01,KAN,22,,13,2,0,19,15,78.9%,182,12.1,9.6,1,124.1,11.1,156,26,0,0,0,0.0,0,30,0,0.0%
339,Ramik Wilson\WilsRa00,LAR,26,,16,4,0,16,11,68.8%,84,7.6,5.3,0,81.2,1.1,16,68,3,0,0,0.0,0,35,1,2.8%
340,Michael Bennett\BennMi99,PHI,33,LDE,16,10,0,2,2,100.0%,13,6.5,6.5,0,93.7,1.5,3,10,0,18,18,9.0,46,34,5,12.8%
341,Samson Ebukam\EbukSa00,LAR,23,LILB,16,14,1,13,8,61.5%,34,4.3,2.6,0,33.8,1.7,-11,45,79,19,4,3.0,26,40,11,21.6%
342,Reuben Foster\FostRe00,SFO,24,RLB,6,6,0,24,16,66.7%,178,11.1,7.4,1,102.4,5.2,61,117,20,0,2,0.0,2,29,10,25.6%
343,Markus Golden\GoldMa00,ARI,27,LDE,11,11,0,0,0,,0,,,0,,,0,0,3,6,4,2.5,13,30,1,3.2%
344,Adam Gotsis\GotsAd00,DEN,26,RDE,16,12,0,0,0,,0,,,0,,,0,0,0,2,4,3.0,9,38,2,5.0%
345,Lawrence Guy\GuyxLa00,NWE,28,LDT,16,15,0,1,0,0.0%,0,,0.0,0,39.6,-5.0,0,0,0,3,9,1.0,13,59,2,3.3%
346,Nate Hairston\HairNa00,IND,24,rcb,13,7,0,30,22,73.3%,257,11.7,8.6,1,110.0,7.9,157,100,3,0,0,0.0,0,30,4,11.8%
347,Xavien Howard*\HowaXa00,MIA,25,LCB,12,12,7,63,33,52.4%,433,13.1,6.9,5,61.2,14.4,253,180,2,0,0,0.0,0,35,6,14.6%
348,Malik Jackson\JackMa02,JAX,28,RDT,16,10,0,2,2,100.0%,28,14.0,14.0,0,118.7,3.5,7,21,0,9,8,3.5,21,32,5,13.5%
349,Reggie Nelson\NelsRe99,OAK,35,FS,11,7,2,22,15,68.2%,289,19.3,13.1,2,103.4,17.1,230,59,11,0,0,0.0,0,29,7,19.4%
350,Yannick Ngakoue\NgakYa00,JAX,23,LDE,16,16,0,4,2,50.0%,7,3.5,1.8,0,56.2,0.5,0,7,8,21,20,9.5,51,28,7,20.0%
351,Alex Okafor\OkafAl00,NOR,27,RDE,16,16,0,2,0,0.0%,8,,4.0,0,43.7,1.5,3,5,6,13,5,4.0,22,36,3,7.7%
352,Will Parks\ParkWi01,DEN,24,,16,3,1,28,18,64.3%,191,10.6,6.8,0,69.2,9.2,109,82,25,0,2,0.0,2,41,7,14.6%
353,Robert Quinn\QuinRo00,MIA,28,RDE,16,16,0,0,0,,0,,,0,,,0,0,0,13,8,6.5,28,38,5,11.6%
354,Nickell Robey-Coleman\RobeNi00,LAR,26,,16,1,1,58,38,65.5%,295,7.8,5.1,3,87.9,5.4,101,194,0,0,0,0.0,0,37,7,15.9%
355,Terrell Suggs\SuggTe99,BAL,36,LOLB,16,16,0,10,6,60.0%,75,12.5,7.5,0,83.3,1.8,20,55,86,24,5,7.0,37,34,8,19.0%
356,Xavier Williams\WillXa00,KAN,26,,16,4,0,0,0,,0,,,0,,,0,0,0,1,1,2.5,5,47,5,9.6%
357,Shareece Wright\WrigSh00,HOU,31,,12,5,0,56,36,64.3%,437,12.1,7.8,4,112.0,12.1,262,175,0,0,0,0.0,0,32,6,15.8%
358,Geno Atkins*\AtkiGe99,CIN,30,RDT,16,16,0,0,0,,0,,,0,,,0,0,1,16,9,10.0,35,45,2,4.3%
359,Ronald Blair\BlaiRo00,SFO,25,,16,0,0,1,1,100.0%,4,4.0,4.0,0,83.3,-1.0,-1,5,0,8,6,5.5,20,36,3,7.7%
360,Gareon Conley\ConlGa00,OAK,23,RCB,15,14,3,59,36,61.0%,536,14.9,9.1,4,92.2,11.3,277,259,0,0,0,0.0,0,37,4,9.8%
361,Brandon Copeland\CopeBr00,NYJ,27,LOLB,16,10,0,5,3,60.0%,32,10.7,6.4,0,78.7,0.6,-1,33,39,14,8,5.0,27,35,4,10.3%
362,Mike Ford\FordMi01,DET,23,,7,4,0,37,25,67.6%,443,17.7,12.0,1,117.3,12.0,280,163,0,0,0,0.0,0,25,2,7.4%
363,Marcell Harris\HarrMa03,SFO,24,ss,8,5,0,15,12,80.0%,110,9.2,7.3,2,136.8,7.1,61,49,8,3,0,0.0,3,34,8,19.0%
364,Ronnie Harrison\HarrRo02,JAX,21,DB,14,8,1,18,14,77.8%,97,6.9,5.4,0,66.0,3.5,43,54,8,0,0,1.0,1,32,3,8.6%
365,Dont'a Hightower\HighDo01,NWE,28,LLB,15,15,1,35,25,71.4%,236,9.4,6.7,1,87.3,4.3,90,146,105,8,3,1.0,12,48,4,7.7%
366,Jordan Jenkins\JenkJo01,NYJ,24,ROLB,16,11,0,10,9,90.0%,118,13.1,11.8,1,149.2,3.0,25,93,58,9,5,7.0,22,35,2,5.4%
367,Harold Landry\LandHa00,TEN,22,,15,3,0,7,5,71.4%,36,7.2,5.1,0,83.0,0.6,1,35,26,14,7,4.5,26,44,7,13.7%
368,Sherrick McManis\McMaSh99,CHI,31,,15,0,1,33,18,54.5%,148,8.2,4.5,1,63.7,10.3,77,71,13,2,1,1.0,4,26,2,7.1%
369,Emmanuel Ogbah\OgbaEm00,CLE,25,RDE,14,14,0,0,0,,0,,,0,,,0,0,3,17,4,3.0,26,40,4,9.1%
370,Teez Tabor\TaboTe00,DET,23,,12,4,0,27,17,63.0%,335,19.7,12.4,3,143.3,13.0,266,69,1,0,0,0.0,0,28,1,3.4%
371,Solomon Thomas\ThomSo00,SFO,23,LDE,16,13,0,1,1,100.0%,22,22.0,22.0,0,118.7,15.0,15,7,0,13,5,1.0,19,31,6,16.2%
372,Levi Wallace\WallLe00,BUF,23,RCB,7,7,0,26,13,50.0%,123,9.5,4.7,1,76.3,8.5,100,23,2,0,1,0.0,1,37,4,9.8%
373,Kerry Wynn\WynnKe00,NYG,27,de,14,5,0,1,1,100.0%,2,2.0,2.0,0,79.2,-3.0,-3,5,0,8,0,1.5,10,39,4,9.3%
374,Matthew Adams\AdamMa00,IND,23,DB,16,5,0,12,10,83.3%,150,15.0,12.5,0,118.7,3.9,49,101,8,2,3,0.0,5,33,4,10.8%
375,Marcell Dareus\DareMa00,JAX,28,LDT,15,15,0,1,1,100.0%,18,18.0,18.0,0,118.7,-9.0,-9,27,0,4,1,1.0,6,32,5,13.5%
376,Clayton Fejedelem\FejeCl00,CIN,25,,16,1,0,12,10,83.3%,144,14.4,12.0,1,144.4,13.0,91,53,5,0,1,0.0,1,35,2,5.4%
377,Dante Fowler\FowlDa00,2TM,24,,15,6,0,4,2,50.0%,13,6.5,3.3,0,57.3,-0.5,5,8,16,16,4,4.0,24,30,5,14.3%
378,Shelby Harris\HarrSh00,DEN,27,,16,0,1,2,1,50.0%,-5,-5.0,-2.5,0,16.7,-4.0,-10,5,0,1,5,1.5,8,39,3,7.1%
379,Matthew Ioannidis\IoanMa01,WAS,24,RDE,14,9,0,0,0,,0,,,0,,,0,0,0,5,3,7.5,16,31,1,3.1%
380,Anthony Levine\LeviAn00,BAL,31,,16,0,1,25,18,72.0%,151,8.4,6.0,1,83.9,5.9,65,86,41,1,0,1.0,2,28,2,6.7%
381,Doug Middleton\MiddDo01,NYJ,25,,7,4,0,10,5,50.0%,97,19.4,9.7,2,123.7,15.5,72,25,3,0,0,0.0,0,27,1,3.6%
382,David Onyemata\OnyeDa00,NOR,26,,16,4,0,0,0,,0,,,0,,,0,0,0,10,0,4.5,15,35,2,5.4%
383,D.J. Reader\ReadD.00,HOU,24,RDE,16,16,0,0,0,,0,,,0,,,0,0,0,4,1,2.0,7,33,4,10.8%
384,Frostee Rucker\RuckFr99,OAK,35,LDE,15,15,0,2,1,50.0%,5,5.0,2.5,0,56.2,8.5,-3,8,0,6,3,0.0,9,37,6,14.0%
385,Akeem Spence\SpenAk00,MIA,27,RDT,16,16,0,2,1,50.0%,11,11.0,5.5,0,66.7,-1.5,-3,14,0,7,5,2.0,14,42,4,8.7%
386,Olivier Vernon*\VernOl00,NYG,28,ROLB,11,11,0,1,1,100.0%,0,0.0,0.0,0,79.2,-5.0,-5,5,15,8,13,7.0,29,30,1,3.2%
387,Stephen Weatherly\WeatSt00,MIN,24,rde,16,6,0,1,0,0.0%,0,,0.0,0,39.6,17.0,0,0,0,9,4,3.0,16,35,5,12.5%
388,Henry Anderson\AndeHe00,NYJ,27,,16,3,0,2,1,50.0%,0,0.0,0.0,0,56.2,-1.5,0,0,0,10,2,7.0,20,35,3,7.9%
389,Shaquil Barrett\BarrSh00,DEN,26,,13,0,0,8,6,75.0%,68,11.3,8.5,0,100.0,10.8,42,26,37,2,4,3.0,9,28,2,6.7%
390,Andrew Billings\BillAn00,CIN,23,LDT,16,16,0,0,0,,0,,,0,,,0,0,0,6,4,2.5,13,32,3,8.6%
391,Kurt Coleman\ColeKu99,NOR,30,SS,16,9,0,13,11,84.6%,108,9.8,8.3,1,126.9,4.5,35,73,14,2,0,0.0,2,32,5,13.5%
392,Aaron Colvin\ColvAa00,HOU,27,,10,2,0,30,22,73.3%,205,9.3,6.8,1,102.8,5.1,107,98,6,0,0,0.0,0,29,2,6.5%
393,Javien Elliott\ElliJa01,TAM,25,db,15,5,1,29,24,82.8%,193,8.0,6.7,0,80.0,6.1,109,84,16,0,1,0.0,1,24,5,17.2%
394,Everson Griffen\GrifEv99,MIN,31,RDE,11,10,0,1,0,0.0%,0,,0.0,0,39.6,15.0,0,0,0,9,3,5.5,19,33,6,15.4%
395,Leon Hall\HallLe98,OAK,34,,10,4,0,20,16,80.0%,181,11.3,9.1,0,104.4,5.8,74,107,10,0,1,0.0,1,25,3,10.7%
396,Da'Shawn Hand\HandDa00,DET,23,RDE,13,8,0,0,0,,0,,,0,,,0,0,0,6,0,3.0,9,27,1,3.6%
397,Margus Hunt\HuntMa00,IND,31,RDE,15,15,0,1,1,100.0%,-8,-8.0,-8.0,0,79.2,-8.0,-8,0,0,6,2,5.0,13,30,1,3.2%
398,J.C. Jackson\JackJ.00,NWE,23,db,13,5,3,45,22,48.9%,256,11.6,5.7,0,38.8,14.4,185,71,0,0,0,0.0,0,24,1,4.0%
399,Cre'von LeBlanc\LeBlCr01,2TM,24,,11,4,0,42,27,64.3%,349,12.9,8.3,1,98.2,7.2,171,178,3,0,0,0.0,0,27,3,10.0%
400,Jordan Lucas\LucaJo00,KAN,25,,16,4,1,13,8,61.5%,106,13.3,8.2,2,94.9,11.2,74,32,3,1,0,1.0,2,32,4,11.1%
401,Brandon Marshall\MarsBr01,DEN,29,rilb,11,7,0,28,17,60.7%,176,10.4,6.3,0,78.9,4.1,81,95,25,0,0,0.0,0,42,5,10.6%
402,Kareem Martin\MartKa00,NYG,26,LOLB,16,7,0,7,6,85.7%,51,8.5,7.3,0,97.0,2.4,19,32,27,6,8,1.5,16,48,8,14.3%
403,Torry McTyer\McTyTo00,MIA,23,,15,4,0,35,26,74.3%,413,15.9,11.8,2,132.2,11.6,290,123,2,0,0,0.0,0,30,3,9.1%
404,Brandon Mebane\MebaBr99,LAC,33,RDT,12,12,0,1,0,0.0%,0,,0.0,0,39.6,-9.0,0,0,0,0,2,1.0,3,40,1,2.4%
405,Whitney Mercilus\MercWh00,HOU,28,LOLB,16,9,0,22,18,81.8%,162,9.0,7.4,0,97.3,3.5,55,107,89,13,7,4.0,26,39,8,17.0%
406,Mike Mitchell\MitcMi99,IND,31,,8,4,1,12,10,83.3%,74,7.4,6.2,0,57.6,7.3,58,16,3,0,0,0.0,0,28,3,9.7%
407,Carl Nassib\NassCa00,TAM,25,LDE,15,9,0,2,0,0.0%,0,,0.0,0,39.6,5.0,0,0,1,7,7,6.5,21,29,5,14.7%
408,Robert Nkemdiche\NkemRo00,ARI,24,rdt,10,6,0,0,0,,0,,,0,,,0,0,0,2,4,4.5,11,32,2,5.9%
409,George Odum\OdumGe00,IND,25,,16,2,1,12,8,66.7%,117,14.6,9.8,0,63.5,9.2,72,45,4,1,0,0.0,1,37,4,9.8%
410,Malcolm Smith\SmitMa02,SFO,29,rlb,12,5,0,17,11,64.7%,123,11.2,7.2,1,105.8,4.6,76,47,18,0,3,0.0,3,35,5,12.5%
411,Kyle Williams*\WillKy20,BUF,35,LDT,16,16,0,1,0,0.0%,0,,0.0,0,39.6,-5.0,0,0,0,9,6,5.0,22,35,4,10.3%
412,Kyle Emanuel\EmanKy00,LAC,27,rlb,16,7,0,13,10,76.9%,105,10.5,8.1,1,125.5,5.2,41,64,5,0,0,1.0,1,30,5,14.3%
413,Johnathan Hankins\HankJo00,OAK,26,RDT,15,14,0,1,1,100.0%,7,7.0,7.0,0,95.8,-2.0,-2,9,0,2,2,0.0,4,36,8,18.2%
414,Abry Jones\JoneAb00,JAX,27,ldt,15,6,0,1,1,100.0%,-1,-1.0,-1.0,0,79.2,-4.0,-4,3,0,3,0,1.0,4,29,2,6.5%
415,Sidney Jones\JoneSi00,PHI,22,,9,4,0,42,26,61.9%,249,9.6,5.9,2,94.2,7.9,141,108,3,1,0,0.0,1,25,6,19.4%
416,Arden Key\KeyxAr00,OAK,22,RDE,16,10,0,3,2,66.7%,9,4.5,3.0,0,70.1,4.3,-2,11,5,10,8,1.0,19,30,6,16.7%
417,Steve McLendon\McLeSt00,NYJ,32,NT,16,14,0,0,0,,0,,,0,,,0,0,0,0,0,0.0,0,34,3,8.1%
418,Dorian O'Daniel\ODanDo00,KAN,24,,16,1,0,20,16,80.0%,109,6.8,5.5,0,89.4,1.0,11,98,10,1,1,0.0,2,34,7,17.1%
419,Andrew Sendejo\SendAn00,MIN,31,ss,5,5,0,10,6,60.0%,153,25.5,15.3,1,137.5,16.0,109,44,2,0,0,0.0,0,27,0,0.0%
420,Vita Vea\VeaxVi00,TAM,23,rdt,13,8,0,0,0,,0,,,0,,,0,0,1,4,1,3.0,8,28,3,9.7%
421,Cameron Wake\WakeCa00,MIA,36,LDE,14,14,0,2,2,100.0%,29,14.5,14.5,0,118.7,-0.5,-1,30,0,19,7,6.0,33,36,4,10.0%
422,Brandon Williams*\WillBr02,BAL,29,LDE,16,16,0,0,0,,0,,,0,,,0,0,0,2,0,1.0,3,34,3,8.1%
423,Eddie Yarbrough\YarbEd01,BUF,25,,15,0,0,0,0,,0,,,0,,,0,0,1,3,0,0.0,3,29,1,3.3%
424,Mario Addison\AddiMa00,CAR,31,LDE,16,16,0,4,4,100.0%,19,4.8,4.8,0,86.5,2.0,8,11,0,9,1,9.0,20,35,4,10.3%
425,Sharif Finch\FincSh00,TEN,23,,15,0,0,5,4,80.0%,24,6.0,4.8,0,86.7,4.2,6,18,11,3,0,1.5,5,27,1,3.6%
426,DaQuan Jones\JoneDa04,TEN,27,LDE,16,16,0,1,1,100.0%,4,4.0,4.0,0,83.3,4.0,4,0,0,2,3,0.0,5,34,4,10.5%
427,Kendrick Lewis\LewiKe00,TEN,30,,13,3,0,14,9,64.3%,116,12.9,8.3,1,114.0,11.6,74,42,0,0,0,0.0,0,27,5,15.6%
428,Tarvarius Moore\MoorTa00,SFO,22,,16,2,0,25,17,68.0%,160,9.4,6.4,4,125.0,8.0,84,76,3,1,0,0.0,1,23,2,8.0%
429,Bilal Nichols\NichBi00,CHI,22,rde,14,6,0,1,1,100.0%,-1,-1.0,-1.0,0,79.2,-2.0,-2,1,0,5,1,3.0,10,28,0,0.0%
430,Isaiah Oliver\OlivIs00,ATL,22,,14,2,1,27,16,59.3%,184,11.5,6.8,2,89.1,11.1,117,67,1,0,0,0.0,0,23,0,0.0%
431,Domata Peko\PekoDo20,DEN,34,NT,16,16,0,1,1,100.0%,0,0.0,0.0,0,79.2,0.0,0,0,0,0,2,0.5,3,31,4,11.4%
432,Harrison Phillips\PhilHa00,BUF,22,,16,0,0,0,0,,0,,,0,,,0,0,0,1,1,0.0,2,35,0,0.0%
433,Michael Pierce\PierMi00,BAL,26,,14,2,0,0,0,,0,,,0,,,0,0,0,4,1,0.0,5,32,2,5.9%
434,Cameron Sutton\SuttCa00,PIT,23,,15,1,1,29,20,69.0%,297,14.9,10.2,3,122.3,13.2,233,64,10,0,2,0.0,2,22,1,4.3%
435,Quincy Wilson\WilsQu01,IND,22,db,13,5,1,40,26,65.0%,274,10.5,6.9,1,82.7,9.2,148,126,0,0,0,0.0,0,28,4,12.5%
436,Tramaine Brock\BrocTr00,DEN,30,rcb,12,5,0,43,22,51.2%,311,14.1,7.2,1,82.6,11.5,204,107,0,0,0,0.0,0,23,7,23.3%
437,Malcom Brown\BrowMa01,NWE,24,RDT,15,14,0,0,0,,0,,,0,,,0,0,0,0,1,0.0,1,39,4,9.3%
438,Jack Crawford\CrawJa00,ATL,30,LDT,16,11,1,0,0,,0,,,0,,,0,0,0,11,2,6.0,20,35,4,10.3%
439,Randy Gregory\GregRa00,DAL,26,,14,1,0,1,0,0.0%,0,,0.0,0,39.6,3.0,0,0,0,9,10,6.0,25,25,3,10.7%
440,Shaun Dion Hamilton\DionSh00,WAS,23,,16,4,0,4,3,75.0%,60,20.0,15.0,0,116.7,1.0,4,56,9,0,2,1.5,4,27,2,6.9%
441,Mike Hughes\HughMi00,MIN,21,,6,2,1,30,20,66.7%,274,13.7,9.1,2,104.0,9.8,157,117,0,0,0,0.0,0,22,4,15.4%
442,Ricky Jean-Francois\JeanRi99,DET,32,LDT,16,11,0,0,0,,0,,,0,,,0,0,0,3,0,2.0,5,30,2,6.3%
443,Tyler Lancaster\LancTy00,GNB,24,nt,12,5,0,0,0,,0,,,0,,,0,0,0,1,1,0.0,2,26,0,0.0%
444,Clinton McDonald\McDoCl99,OAK,31,,15,1,0,1,1,100.0%,-5,-5.0,-5.0,0,79.2,-5.0,-5,0,0,4,0,2.0,6,31,2,6.1%
445,Derrick Morgan\MorgDe99,TEN,29,LOLB,13,12,0,5,5,100.0%,51,10.2,10.2,0,109.2,4.6,23,28,12,11,4,0.5,16,25,4,13.8%
446,Darius Phillips\PhilDa02,CIN,23,,15,1,0,26,18,69.2%,133,7.4,5.1,0,81.1,10.2,67,66,1,0,0,0.0,0,22,3,12.0%
447,Darius Philon\PhilDa01,LAC,24,ldt,16,13,0,0,0,,0,,,0,,,0,0,0,8,4,4.0,17,33,5,13.2%
448,Tanner Vallejo\VallTa00,CLE,24,,13,1,0,7,4,57.1%,40,10.0,5.7,1,113.1,1.9,13,27,5,1,0,0.0,1,27,5,15.6%
449,Jimmie Ward\WardJi01,SFO,27,fs,9,7,0,22,12,54.5%,193,16.1,8.8,2,114.4,12.0,153,40,5,0,0,0.0,0,24,1,4.0%
450,Jermaine Whitehead\WhitJe02,2TM,25,,14,2,0,15,10,66.7%,103,10.3,6.9,1,108.5,6.3,59,44,23,1,0,1.0,2,24,4,14.3%
451,Trevor Williams\WillTr05,LAC,25,lcb,9,7,1,39,29,74.4%,394,13.6,10.1,3,121.1,11.1,269,125,0,0,0,0.0,0,23,5,17.9%
452,Jarrod Wilson\WilsJa00,JAX,24,,16,2,0,7,1,14.3%,-1,-1.0,-0.1,0,39.6,17.1,-1,0,6,1,0,0.0,1,21,0,0.0%
453,Angelo Blackson\BlacAn00,HOU,26,,16,4,0,2,1,50.0%,19,19.0,9.5,0,83.3,0.5,4,15,0,2,1,1.0,4,24,2,7.7%
454,Joey Bosa\BosaJo00,LAC,23,LDE,7,6,0,0,0,,0,,,0,,,0,0,0,8,3,5.5,17,23,3,11.5%
455,Oren Burks\BurkOr00,GNB,23,,14,4,0,9,7,77.8%,69,9.9,7.7,0,98.6,7.9,26,43,6,0,0,0.0,0,24,2,7.7%
456,Josh Harvey-Clemons\HarvJo01,WAS,24,,16,0,0,24,14,58.3%,89,6.4,3.7,0,66.1,4.5,28,61,19,1,1,1.0,3,22,4,15.4%
457,Michael Johnson\JohnMi98,CIN,31,RDE,15,15,1,0,0,,0,,,0,,,0,0,0,8,1,0.5,10,33,4,10.8%
458,Shaq Lawson\LawsSh00,BUF,24,lde,14,6,0,4,1,25.0%,14,14.0,3.5,0,41.7,7.5,10,4,0,7,7,4.0,18,30,3,9.1%
459,Parry Nickerson\NickPa00,NYJ,24,,16,2,0,34,25,73.5%,257,10.3,7.6,2,114.5,7.2,157,100,7,0,0,0.0,0,21,1,4.5%
460,Uchenna Nwosu\NwosUc00,LAC,22,,16,3,0,2,1,50.0%,8,8.0,4.0,0,60.4,9.0,1,7,18,6,4,3.5,14,28,3,9.7%
461,Mark Nzeocha\NzeoMa00,SFO,28,,16,3,0,9,7,77.8%,67,9.6,7.4,0,97.7,3.9,10,57,3,0,0,1.0,1,23,2,8.0%
462,Brian Orakpo\OrakBr99,TEN,32,ROLB,13,13,0,9,7,77.8%,49,7.0,5.4,0,89.4,4.2,19,30,21,11,2,1.5,15,28,6,17.6%
463,Isaac Rochell\RochIs00,LAC,23,,16,3,1,0,0,,0,,,0,,,0,0,0,6,1,5.0,13,29,2,6.5%
464,Sam Shields\ShieSa00,LAR,31,,16,2,1,37,25,67.6%,444,17.8,12.0,4,133.2,10.7,292,152,0,0,0,0.0,0,22,6,21.4%
465,Aqib Talib\TaliAq99,LAR,32,RCB,8,8,1,31,20,64.5%,265,13.3,8.5,0,78.0,10.0,151,114,0,0,0,0.0,0,23,1,4.2%
466,Tracy Walker\WalkTr01,DET,23,,16,0,1,13,4,30.8%,69,17.3,5.3,1,43.4,22.8,61,8,0,0,0,0.0,0,21,2,8.7%
467,David Amerson\AmerDa00,ARI,27,,6,5,1,25,13,52.0%,118,9.1,4.7,1,61.7,11.0,91,27,2,0,0,0.0,0,21,3,12.5%
468,Andre Branch\BranAn00,MIA,29,,14,1,0,1,0,0.0%,0,,0.0,0,39.6,12.0,0,0,3,8,3,1.5,13,25,6,19.4%
469,Morgan Burnett\BurnMo99,PIT,29,,11,2,0,30,16,53.3%,222,13.9,7.4,0,77.4,13.2,177,45,13,0,2,0.0,2,30,2,6.3%
470,Artie Burns\BurnAr00,PIT,23,rcb,16,6,0,25,16,64.0%,289,18.1,11.6,5,143.2,15.6,232,57,1,0,0,0.0,0,22,2,8.3%
471,Trevon Coley\ColeTr01,CLE,24,RDT,16,14,0,2,1,50.0%,5,5.0,2.5,0,56.2,3.0,5,0,0,5,0,0.5,6,39,8,17.0%
472,Tyrone Crawford\CrawTy00,DAL,29,RDE,15,15,0,1,0,0.0%,0,,0.0,0,39.6,0.0,0,0,0,7,5,5.5,19,34,3,8.1%
473,Deshazor Everett\EverDe01,WAS,26,,16,3,1,6,4,66.7%,39,9.8,6.5,0,45.1,5.7,11,28,3,0,0,0.0,0,26,4,13.3%
474,Justin Hardee\HardJu01,NOR,24,,16,0,1,14,11,78.6%,157,14.3,11.2,0,83.6,9.8,98,59,0,0,0,0.0,0,19,3,13.6%
475,Tom Johnson\JohnTo01,2TM,34,,14,1,0,0,0,,0,,,0,,,0,0,0,6,0,4.5,11,24,2,7.7%
476,Dion Jordan\JordDi00,SEA,28,,12,3,0,1,1,100.0%,7,7.0,7.0,0,95.8,-3.0,-3,10,0,7,4,1.5,13,22,1,4.3%
477,Frankie Luvu\LuvuFr00,NYJ,22,,14,1,0,6,5,83.3%,26,5.2,4.3,0,84.7,0.2,-5,31,34,9,8,3.0,20,22,7,24.1%
478,Josh Mauro\MaurJo00,NYG,27,,12,4,0,0,0,,0,,,0,,,0,0,0,6,0,1.0,7,28,0,0.0%
479,Gerald McCoy\McCoGe99,TAM,30,LDT,14,14,0,1,1,100.0%,-1,-1.0,-1.0,0,79.2,-3.0,-3,2,0,6,11,6.0,24,28,1,3.4%
480,Earl Mitchell\MitcEa99,SFO,31,LDT,14,12,0,0,0,,0,,,0,,,0,0,0,2,3,0.0,5,28,2,6.7%
481,Derrick Nnadi\NnadDe00,KAN,22,NT,16,11,0,0,0,,0,,,0,,,0,0,0,3,0,0.0,3,35,3,7.9%
482,Brent Urban\UrbaBr00,BAL,27,RDE,16,16,0,0,0,,0,,,0,,,0,0,0,3,0,0.5,4,27,2,6.9%
483,Isaac Yiadom\YiadIs00,DEN,22,,13,1,1,34,20,58.8%,258,12.9,7.6,3,99.9,12.1,206,52,0,0,0,0.0,0,20,3,13.0%
484,Ray-Ray Armstrong\ArmsRa01,2TM,27,,15,1,0,13,11,84.6%,118,10.7,9.1,1,130.1,3.2,33,85,2,0,0,0.0,0,26,3,10.3%
485,Vic Beasley\BeasVi00,ATL,26,LDE,16,9,0,6,4,66.7%,30,7.5,5.0,0,78.5,0.2,-9,39,22,13,2,5.0,20,20,11,35.5%
486,Devante Bond\BondDe00,TAM,25,LLB,11,4,0,9,7,77.8%,121,17.3,13.4,0,118.7,4.9,38,83,8,1,1,0.0,2,22,1,4.3%
487,Bashaud Breeland\BreeBa00,GNB,26,rcb,7,5,2,33,17,51.5%,239,14.1,7.2,0,49.9,10.2,114,125,9,3,0,0.0,3,20,5,20.0%
488,Fadol Brown\BrowFa00,2TM,25,,12,0,0,0,0,,0,,,0,,,0,0,0,2,3,0.0,5,20,3,13.0%
489,Vontaze Burfict\BurfVo00,CIN,28,RLB,7,7,0,19,16,84.2%,140,8.8,7.4,1,114.9,4.3,54,86,13,0,0,0.0,0,33,10,23.3%
490,Ibraheim Campbell\CampIb00,3TM,26,,8,1,0,3,3,100.0%,20,6.7,6.7,0,94.4,5.7,17,3,1,0,0,0.0,0,19,0,0.0%
491,Bruce Carter\CartBr00,ATL,30,,11,0,0,6,4,66.7%,58,14.5,9.7,0,97.9,8.5,48,10,0,0,0,0.0,0,21,1,4.5%
492,Sean Chandler\ChanSe00,NYG,22,,16,0,0,10,8,80.0%,167,20.9,16.7,1,152.1,15.8,117,50,10,0,1,1.0,2,18,1,5.3%
493,Chuck Clark\ClarCh00,BAL,23,,16,2,1,15,11,73.3%,99,9.0,6.6,3,102.5,9.5,52,47,8,2,0,0.0,2,21,4,16.0%
494,P.J. Hall\HallP.00,OAK,23,ldt,14,6,0,2,2,100.0%,20,10.0,10.0,0,108.3,-3.0,-6,26,0,7,3,0.0,10,22,1,4.3%
495,Bruce Irvin\IrviBr00,2TM,31,,16,9,0,4,1,25.0%,2,2.0,0.5,0,39.6,-1.5,2,0,9,5,3,6.5,15,19,2,9.5%
496,Leon Jacobs\JacoLe00,JAX,23,,12,3,0,5,5,100.0%,30,6.0,6.0,1,131.2,2.8,14,16,1,0,0,0.0,0,21,2,8.7%
497,Akeem King\KingAk00,SEA,26,,16,1,0,15,11,73.3%,84,7.6,5.6,2,126.1,8.3,58,26,3,0,1,0.0,1,21,0,0.0%
498,Al-Quadin Muhammad\MuhaAl00,IND,23,,15,4,0,1,1,100.0%,8,8.0,8.0,0,100.0,-6.0,-6,14,0,3,2,0.0,5,28,0,0.0%
499,Mike Pennel\PennMi00,NYJ,27,RDE,16,7,0,2,1,50.0%,17,17.0,8.5,1,118.7,3.5,5,12,0,1,2,0.0,3,27,1,3.6%
500,Brooks Reed\ReedBr00,ATL,31,rde,16,8,0,3,2,66.7%,21,10.5,7.0,0,86.8,2.7,8,13,5,5,1,1.0,7,24,1,4.0%
501,Damion Square\SquaDa00,LAC,29,rde,16,11,0,1,0,0.0%,0,,0.0,0,39.6,1.0,0,0,0,0,3,3.0,7,31,2,6.1%
502,Jamar Taylor\TaylJa01,2TM,28,,14,3,0,31,22,71.0%,378,17.2,12.2,1,122.8,11.2,256,122,1,0,0,0.0,0,18,4,18.2%
503,Earl Thomas\ThomEa99,SEA,29,,4,4,3,9,3,33.3%,43,14.3,4.8,1,47.2,11.8,35,8,4,1,0,0.0,1,22,0,0.0%
504,Beau Allen\AlleBe00,TAM,27,RDT,14,8,0,0,0,,0,,,0,,,0,0,0,1,3,0.0,4,20,2,9.1%
505,Adrian Colbert\ColbAd00,SFO,25,FS,7,6,0,13,7,53.8%,143,20.4,11.0,2,132.4,21.8,128,15,2,0,0,0.0,0,21,4,16.0%
506,Vinny Curry\CurrVi00,TAM,30,lde,12,7,0,2,1,50.0%,9,9.0,4.5,0,62.5,1.5,0,9,0,3,3,2.5,9,21,1,4.5%
507,Kavon Frazier\FrazKa00,DAL,24,,16,2,0,16,12,75.0%,148,12.3,9.3,3,142.7,5.9,56,92,2,0,0,1.0,1,23,5,17.9%
508,Delano Hill\HillDe02,SEA,23,,13,2,0,13,5,38.5%,48,9.6,3.7,0,49.5,7.8,22,26,17,1,1,0.0,2,24,2,7.7%
509,Wes Horton\HortWe00,CAR,29,rde,16,8,0,1,1,100.0%,0,0.0,0.0,0,79.2,-1.0,-1,1,1,5,1,1.5,8,24,5,17.2%
510,Quinton Jefferson\JeffQu00,SEA,25,LDE,16,12,0,0,0,,0,,,0,,,0,0,0,9,10,3.0,23,25,4,13.8%
511,Mychal Kendricks\KendMy00,SEA,28,,4,3,0,9,7,77.8%,42,6.0,4.7,0,86.1,2.4,3,39,10,1,1,2.0,4,19,6,24.0%
512,Zach Kerr\KerrZa00,DEN,28,,16,0,0,0,0,,0,,,0,,,0,0,0,6,0,1.5,8,33,2,5.7%
513,Sean Lee\LeexSe99,DAL,32,rlb,7,5,0,14,11,78.6%,153,13.9,10.9,0,112.2,7.5,77,76,13,0,1,0.5,2,30,4,11.8%
514,Chris Long\LongCh99,PHI,33,,16,0,0,1,0,0.0%,0,,0.0,0,39.6,-5.0,0,0,7,13,11,6.5,32,23,2,8.0%
515,Takkarist McKinley\McKiTa00,ATL,23,RDE,15,8,0,1,1,100.0%,17,17.0,17.0,0,118.7,-7.0,-7,24,1,10,7,7.0,25,22,2,8.3%
516,Nick Perry\PerrNi00,GNB,28,ROLB,9,9,0,3,3,100.0%,18,6.0,6.0,0,91.7,2.3,7,11,27,4,0,1.5,6,24,2,7.7%
517,Jordan Phillips\PhilJo01,2TM,26,,16,0,0,1,1,100.0%,9,9.0,9.0,0,104.2,0.0,0,9,0,3,0,1.0,4,24,4,14.3%
518,Deadrin Senat\SenaDe00,ATL,24,,15,2,0,1,1,100.0%,-1,-1.0,-1.0,0,79.2,-1.0,-1,0,0,2,3,0.0,5,30,2,6.3%
519,LeShaun Sims\SimsLe00,TEN,25,,16,2,0,22,14,63.6%,146,10.4,6.6,1,97.9,8.2,80,66,8,0,1,0.0,1,22,3,12.0%
520,Breeland Speaks\SpeaBr00,KAN,23,,16,4,0,7,7,100.0%,77,11.0,11.0,0,112.5,-0.6,-4,81,21,7,4,1.5,13,24,3,11.1%
521,Vincent Taylor\TaylVi00,MIA,24,,8,0,0,2,2,100.0%,13,6.5,6.5,0,93.7,-2.0,-4,17,0,1,0,2.0,3,27,2,6.9%
522,Jordan Willis\WillJo09,CIN,23,,16,1,0,0,0,,0,,,0,,,0,0,0,4,4,1.0,9,20,4,16.7%
523,Deatrich Wise Jr.\WiseDe00,NWE,24,,16,5,0,0,0,,0,,,0,,,0,0,0,5,5,4.5,15,30,6,16.7%
524,Antwaun Woods\WoodAn02,DAL,25,RDT,15,15,0,0,0,,0,,,0,,,0,0,0,7,3,1.5,12,34,4,10.5%
525,K.J. Wright\WrigK.00,SEA,29,RLB,5,5,0,19,12,63.2%,131,10.9,6.9,1,101.0,3.1,51,80,4,1,0,0.0,1,23,4,14.8%
526,Ricardo Allen\AlleRi00,ATL,27,,3,3,1,19,6,31.6%,82,13.7,4.3,0,24.5,11.1,39,43,0,0,0,0.0,0,17,2,10.5%
527,Jason Cabinda\CabiJa00,OAK,22,,10,3,0,6,4,66.7%,50,12.5,8.3,0,92.4,11.3,24,26,5,1,1,0.0,2,21,1,4.5%
528,Keion Crossen\CrosKe00,NWE,22,,11,0,0,8,7,87.5%,97,13.9,12.1,0,117.2,14.0,89,8,0,0,0,0.0,0,14,0,0.0%
529,Zaire Franklin\FranZa00,IND,22,,16,2,0,15,13,86.7%,148,11.4,9.9,0,107.8,6.1,64,84,10,0,0,0.0,0,29,2,6.5%
530,Nathan Gerry\GerrNa00,PHI,23,,13,2,1,12,10,83.3%,97,9.7,8.1,1,93.4,5.2,50,47,2,0,0,0.0,0,23,2,8.0%
531,George Iloka\IlokGe00,MIN,28,,16,3,0,4,2,50.0%,46,23.0,11.5,0,91.7,18.0,38,8,0,0,0,0.0,0,16,0,0.0%
532,Derrick Johnson\JohnDe25,OAK,36,,6,1,0,6,5,83.3%,44,8.8,7.3,0,97.2,6.2,37,7,3,1,0,0.0,1,17,3,15.0%
533,Kevin King\KingKe01,GNB,23,RCB,6,6,1,24,13,54.2%,143,11.0,6.0,3,94.3,12.0,94,49,1,0,0,0.0,0,17,3,15.0%
534,Trent Murphy\MurpTr00,BUF,28,LDE,13,10,0,6,5,83.3%,13,2.6,2.2,0,79.2,-0.5,-6,19,1,8,4,4.0,17,24,7,22.6%
535,Julius Peppers\PeppJu99,CAR,38,RDE,16,8,0,2,1,50.0%,18,18.0,9.0,0,81.2,8.5,6,12,0,6,4,5.0,15,22,1,4.3%
536,Chris Smith\SmitCh03,CLE,26,,16,2,0,0,0,,0,,,0,,,0,0,6,4,1,1.0,6,21,4,16.0%
537,Daniel Sorensen\SoreDa01,KAN,28,,7,3,1,18,10,55.6%,121,12.1,6.7,3,92.8,9.3,81,40,13,1,1,0.0,2,26,3,10.3%
538,Kevin Toliver\ToliKe00,CHI,23,,15,1,0,18,12,66.7%,128,10.7,7.1,0,87.3,12.6,115,13,0,0,0,0.0,0,16,0,0.0%
539,Taven Bryan\BryaTa00,JAX,22,,16,1,0,1,1,100.0%,9,9.0,9.0,0,104.2,1.0,1,8,0,2,1,1.0,4,20,1,4.8%
540,Jonathan Bullard\BullJo00,CHI,25,,16,1,0,0,0,,0,,,0,,,0,0,0,1,0,0.0,1,18,2,10.0%
541,Taco Charlton\CharTa00,DAL,24,rde,11,7,0,1,0,0.0%,0,,0.0,0,39.6,6.0,0,0,0,7,2,1.0,10,27,3,10.0%
542,Dylan Cole\ColeDy00,HOU,24,,8,0,0,9,8,88.9%,74,9.3,8.2,1,138.0,2.7,20,54,5,0,0,0.0,0,13,5,27.8%
543,Brandon Dunn\DunnBr00,HOU,26,NT,14,10,0,0,0,,0,,,0,,,0,0,0,2,0,0.0,2,24,2,7.7%
544,Poona Ford\FordPo00,SEA,23,,11,1,0,1,0,0.0%,0,,0.0,0,39.6,-2.0,0,0,0,5,2,0.0,7,21,0,0.0%
545,Rayshawn Jenkins\JenkRa00,LAC,24,,15,1,0,9,6,66.7%,32,5.3,3.6,1,109.5,4.9,10,22,4,0,1,0.5,2,23,0,0.0%
546,Austin Johnson\JohnAu01,TEN,24,NT,16,9,0,0,0,,0,,,0,,,0,0,0,2,0,1.0,3,22,1,4.3%
547,Joseph Jones\JoneJo05,DEN,24,,16,0,0,1,1,100.0%,2,2.0,2.0,0,79.2,2.0,2,0,0,0,0,0.0,0,16,0,0.0%
548,Aaron Lynch\LyncAa00,CHI,25,,13,3,1,4,3,75.0%,40,13.3,10.0,1,106.2,6.0,16,24,9,4,3,3.0,10,16,2,11.1%
549,Hayes Pullard\PullHa00,LAC,26,,9,0,0,8,7,87.5%,42,6.0,5.3,0,88.5,3.8,24,18,2,0,0,0.0,0,18,0,0.0%
550,DeShawn Shead\SheaDe00,DET,29,,12,1,0,19,15,78.9%,290,19.3,15.3,2,153.8,16.4,216,74,1,0,0,0.0,0,18,3,14.3%
551,Terrance Smith\SmitTe04,KAN,25,,7,0,0,23,15,65.2%,166,11.1,7.2,0,86.5,5.7,52,114,13,1,0,1.0,2,22,4,15.4%
552,Julian Stanford\StanJu00,BUF,28,,13,1,0,7,6,85.7%,68,11.3,9.7,0,107.1,7.4,48,20,5,0,0,1.0,1,15,1,6.3%
553,Chris Wormley\WormCh00,BAL,25,NT,16,6,0,0,0,,0,,,0,,,0,0,0,6,1,1.0,8,16,3,15.8%
554,Tyson Alualu\AluaTy99,PIT,31,,15,2,0,0,0,,0,,,0,,,0,0,0,2,0,0.0,2,22,1,4.3%
555,De'Vante Bausby\BausDe00,PHI,25,,6,1,0,13,11,84.6%,203,18.5,15.6,1,144.4,12.5,114,89,0,0,0,0.0,0,14,4,22.2%
556,Anthony Chickillo\ChicAn00,PIT,26,,16,0,0,7,4,57.1%,32,8.0,4.6,0,68.7,2.3,5,27,21,2,1,1.5,5,24,0,0.0%
557,Maliek Collins\CollMa00,DAL,23,LDT,13,9,0,0,0,,0,,,0,,,0,0,0,6,4,3.0,13,19,3,13.6%
558,Kamalei Correa\CorrKa00,TEN,24,,13,4,0,5,5,100.0%,53,10.6,10.6,0,110.8,0.6,3,50,11,1,1,3.5,6,19,4,17.4%
559,Marcus Davenport\DaveMa00,NOR,22,,13,0,0,1,1,100.0%,4,4.0,4.0,0,83.3,-3.0,-3,7,1,3,9,4.5,17,22,1,4.3%
560,Mario Edwards\EdwaMa01,NYG,24,,15,0,0,0,0,,0,,,0,,,0,0,0,1,3,2.0,7,14,0,0.0%
561,Rashaan Gaulden\GaulRa00,CAR,23,,15,0,0,3,1,33.3%,8,8.0,2.7,1,81.9,6.7,2,6,0,0,0,0.0,0,17,3,15.0%
562,Nick Kwiatkoski\KwiaNi00,CHI,25,,16,1,0,7,5,71.4%,60,12.0,8.6,0,97.3,4.4,26,34,6,0,1,0.0,1,15,0,0.0%
563,Ryan Lewis\LewiRy01,BUF,24,,7,3,0,19,13,68.4%,164,12.6,8.6,0,95.1,10.7,100,64,1,0,0,0.0,0,15,3,16.7%
564,Kyle Love\LoveKy00,CAR,32,,16,2,0,0,0,,0,,,0,,,0,0,0,4,2,1.5,8,19,3,13.6%
565,Greg Mabin\MabiGr00,SFO,24,,13,1,0,18,10,55.6%,160,16.0,8.9,2,122.5,14.2,146,14,0,0,0,0.0,0,16,2,11.1%
566,Tyler Matakevich\MataTy00,PIT,26,,16,1,0,4,4,100.0%,37,9.3,9.3,0,105.2,7.8,31,6,1,0,0,0.0,0,16,0,0.0%
567,Tyler Patmon\PatmTy00,JAX,27,,12,2,0,15,12,80.0%,136,11.3,9.1,0,104.4,9.2,89,47,9,4,0,0.0,4,14,0,0.0%
568,Brennan Scarlett\ScarBr00,HOU,25,,12,3,1,7,5,71.4%,34,6.8,4.9,0,42.3,4.9,17,17,6,0,2,0.0,2,18,1,5.3%
569,Tre Sullivan\SullTr01,PHI,24,,12,1,0,12,7,58.3%,49,7.0,4.1,0,67.7,9.3,10,39,0,0,0,0.0,0,17,3,15.0%
570,Manti Te'o\TeoxMa00,NOR,27,,5,2,0,11,6,54.5%,32,5.3,2.9,0,60.0,3.5,11,21,6,0,0,0.0,0,18,1,5.3%
571,Kyzir White\WhitKy00,LAC,22,,3,3,1,16,8,50.0%,97,12.1,6.1,1,63.8,6.9,39,58,0,0,0,0.0,0,17,2,10.5%
572,Montravius Adams\AdamMo00,GNB,23,,16,1,0,0,0,,0,,,0,,,0,0,0,0,0,1.5,2,20,0,0.0%
573,Derek Barnett\BarnDe01,PHI,22,lde,6,6,0,0,0,,0,,,0,,,0,0,1,3,5,2.5,11,16,1,5.9%
574,Su'a Cravens\CravSu00,DEN,23,,5,0,0,9,9,100.0%,125,13.9,13.9,0,118.7,9.3,84,41,5,0,1,0.0,1,18,0,0.0%
575,Matthias Farley\FarlMa00,IND,26,,5,1,1,15,10,66.7%,158,15.8,10.5,1,96.0,9.9,116,42,2,0,0,0.0,0,19,3,13.6%
576,E.J. Gaines\GainE.00,CLE,26,,6,2,1,20,8,40.0%,127,15.9,6.4,0,41.0,11.3,85,42,2,0,0,0.0,0,13,4,23.5%
577,Kemal Ishmael\IshmKe00,ATL,27,,16,0,0,3,3,100.0%,36,12.0,12.0,0,116.7,6.0,18,18,0,0,0,0.0,0,21,0,0.0%
578,D.J. Jones\JoneD.01,SFO,23,,10,4,0,0,0,,0,,,0,,,0,0,0,1,1,0.0,2,17,2,10.5%
579,Emmanuel Lamur\LamuEm00,2TM,29,,10,4,0,2,1,50.0%,8,8.0,4.0,0,60.4,28.0,3,5,3,0,0,0.0,0,13,2,13.3%
580,Haloti Ngata\NgatHa20,PHI,34,LDT,13,9,0,1,0,0.0%,0,,0.0,0,39.6,-6.0,0,0,0,1,2,1.0,4,17,1,5.6%
581,Vincent Rey\ReyxVi00,CIN,31,,16,2,0,5,3,60.0%,31,10.3,6.2,0,77.9,3.2,-3,34,7,0,0,0.0,0,19,0,0.0%
582,Craig Robertson\RobeCr00,NOR,30,,16,0,0,3,2,66.7%,21,10.5,7.0,0,86.8,4.7,12,9,6,0,0,1.0,1,14,0,0.0%
583,Shamar Stephen\StepSh00,SEA,27,RDT,15,14,0,1,1,100.0%,2,2.0,2.0,0,79.2,2.0,2,0,0,1,1,2.0,4,25,2,7.4%
584,Kemoko Turay\TuraKe00,IND,23,,14,3,0,1,1,100.0%,11,11.0,11.0,0,112.5,7.0,7,4,1,8,6,4.0,19,15,1,6.3%
585,Chris Conte\ContCh00,TAM,29,,3,3,0,6,4,66.7%,47,11.8,7.8,0,90.3,10.5,39,8,0,0,0,0.0,0,14,0,0.0%
586,Dane Cruikshank\CruiDa00,TEN,23,,12,0,0,2,2,100.0%,3,1.5,1.5,0,79.2,-2.5,-5,8,0,0,0,0.0,0,11,1,8.3%
587,Mike Daniels\DaniMi00,GNB,29,RDE,10,9,0,0,0,,0,,,0,,,0,0,0,11,1,2.0,14,18,2,10.0%
588,Nick DeLuca\DeLuNi00,JAX,23,,9,2,0,4,3,75.0%,19,6.3,4.8,1,124.0,2.3,8,11,8,1,0,1.0,2,12,1,7.7%
589,Bryce Hager\HageBr00,LAR,26,,16,0,0,5,3,60.0%,12,4.0,2.4,0,64.6,1.4,0,12,4,0,0,0.0,0,14,0,0.0%
590,Tre Herndon\HernTr00,JAX,22,,11,0,0,8,6,75.0%,73,12.2,9.1,1,142.2,8.0,51,22,1,0,0,0.0,0,13,1,7.1%
591,Jourdan Lewis\LewiJo01,DAL,23,,15,1,1,19,13,68.4%,96,7.4,5.1,0,58.2,6.1,30,66,8,1,0,0.0,1,12,1,7.7%
592,Star Lotulelei\LotuSt00,BUF,29,RDT,16,16,0,0,0,,0,,,0,,,0,0,0,3,0,0.0,3,17,0,0.0%
593,Rontez Miles\MileRo00,NYJ,30,,8,1,0,1,1,100.0%,8,8.0,8.0,0,100.0,6.0,6,2,0,0,0,0.0,0,11,0,0.0%
594,Siran Neal\NealSi00,BUF,24,,16,0,0,0,0,,0,,,0,,,0,0,1,0,0,1.0,1,11,0,0.0%
595,Nick Nelson\NelsNi00,OAK,22,,10,3,0,30,18,60.0%,307,17.1,10.2,4,134.3,13.6,177,130,6,0,0,0.0,0,20,3,13.0%
596,Roy Robertson-Harris\RobeRo00,CHI,25,,16,0,0,0,0,,0,,,0,,,0,0,0,7,5,3.0,16,22,1,4.3%
597,Josh Shaw\ShawJo00,2TM,26,,8,0,0,7,6,85.7%,79,13.2,11.3,0,113.7,10.3,62,17,0,0,0,0.0,0,12,1,7.7%
598,Danny Shelton\ShelDa01,NWE,25,,13,1,0,1,0,0.0%,0,,0.0,0,39.6,0.0,0,0,0,1,1,0.0,2,21,0,0.0%
599,Nathan Stupar\StupNa01,NYG,30,,16,1,0,5,4,80.0%,22,5.5,4.4,1,124.6,1.6,3,19,1,0,0,0.0,0,14,1,6.7%
600,Kyle Wilber\WilbKy00,OAK,29,,14,0,0,2,1,50.0%,9,9.0,4.5,0,62.5,4.0,3,6,1,3,0,0.0,3,15,2,11.8%
601,Brandon Williams\WillBr07,ARI,26,,16,0,0,7,4,57.1%,80,20.0,11.4,1,136.9,13.4,47,33,0,0,0,0.0,0,10,2,16.7%
602,Al Woods\WoodAl99,IND,31,LDT,14,8,0,0,0,,0,,,0,,,0,0,0,7,2,0.0,9,24,1,4.0%
603,Ja'Whaun Bentley\BentJa00,NWE,22,,3,2,1,8,6,75.0%,56,9.3,7.0,0,54.2,5.9,12,44,14,0,1,0.0,1,14,1,6.7%
604,Terrence Brooks\BrooTe00,NYJ,26,,16,0,0,3,0,0.0%,0,,0.0,0,39.6,25.0,0,0,1,0,0,0.0,0,10,2,16.7%
605,Riley Bullough\BullRi00,TAM,25,,9,3,0,5,2,40.0%,24,12.0,4.8,0,55.4,9.6,6,18,0,0,0,0.0,0,14,0,0.0%
606,Adrian Clayborn\ClayAd00,NWE,30,,14,1,0,0,0,,0,,,0,,,0,0,1,8,8,2.5,19,11,3,21.4%
607,William Compton\CompWi00,TEN,29,,12,2,0,3,1,33.3%,7,7.0,2.3,0,42.4,5.7,3,4,5,0,0,0.0,0,16,0,0.0%
608,Sheldon Day\DayxSh00,SFO,24,,12,0,0,0,0,,0,,,0,,,0,0,0,9,1,2.0,12,11,1,8.3%
609,De'Vante Harris\HarrDe04,TAM,25,,10,1,0,11,6,54.5%,73,12.2,6.6,0,75.2,11.5,39,34,0,0,0,0.0,0,10,2,16.7%
610,Ramon Humber\HumbRa00,2TM,31,,15,0,0,6,5,83.3%,45,9.0,7.5,0,97.9,-0.8,2,43,4,0,0,0.0,0,9,1,10.0%
611,Joel Iyiegbuniwe\IyieJo00,CHI,23,,16,0,0,4,3,75.0%,24,8.0,6.0,0,89.6,2.0,-5,29,4,0,0,0.0,0,9,0,0.0%
612,Branden Jackson\JackBr04,SEA,26,,9,1,0,1,1,100.0%,-6,-6.0,-6.0,0,79.2,-6.0,-6,0,0,4,0,1.0,5,10,2,16.7%
613,Danny Johnson\JohnDa09,WAS,23,,14,1,0,14,12,85.7%,150,12.5,10.7,2,150.9,9.2,74,76,0,0,0,0.0,0,14,2,12.5%
614,Adam Jones\JonePa20,DEN,35,,7,2,1,20,11,55.0%,122,11.1,6.1,1,69.2,8.2,42,80,0,0,0,0.0,0,9,4,30.8%
615,Tyquan Lewis\LewiTy00,IND,23,lde,8,6,0,1,1,100.0%,12,12.0,12.0,0,116.7,9.0,9,3,0,5,4,2.0,11,13,0,0.0%
616,Corey Liuget\LiugCo00,LAC,28,,6,3,0,0,0,,0,,,0,,,0,0,0,2,3,1.5,7,14,0,0.0%
617,Terrell McClain\McClTe00,ATL,30,ldt,13,5,0,0,0,,0,,,0,,,0,0,0,1,0,1.0,2,17,2,10.5%
618,Dontari Poe\PoexDo00,CAR,28,RDT,16,16,0,0,0,,0,,,0,,,0,0,0,2,1,1.0,4,17,2,10.5%
619,Eric Rowe\RoweEr00,NWE,26,,4,2,0,12,6,50.0%,106,17.7,8.8,2,120.1,13.3,79,27,3,1,0,0.0,1,10,0,0.0%
620,KeiVarae Russell\RussKe00,CIN,25,,7,1,0,15,11,73.3%,136,12.4,9.1,1,123.2,8.5,83,53,0,0,0,0.0,0,12,2,14.3%
621,Walt Aikens\AikeWa00,MIA,27,,16,1,1,4,2,50.0%,49,24.5,12.3,1,94.8,22.8,34,15,0,0,0,0.0,0,11,1,8.3%
622,Cornell Armstrong\ArmsCo00,MIA,23,,15,0,0,8,6,75.0%,57,9.5,7.1,1,133.9,7.0,56,1,0,0,0,0.0,0,8,0,0.0%
623,Dorance Armstrong Jr.\ArmsDo00,DAL,21,,15,1,0,0,0,,0,,,0,,,0,0,0,4,2,0.5,7,13,1,7.1%
624,Chris Banjo\BanjCh00,NOR,28,,16,0,2,5,2,40.0%,70,35.0,14.0,1,87.5,24.6,48,22,2,0,0,0.0,0,10,1,9.1%
625,Daren Bates\BateDa00,TEN,28,,16,0,0,4,4,100.0%,54,13.5,13.5,0,118.7,9.3,37,17,2,0,0,0.0,0,10,0,0.0%
626,Eric Berry\BerrEr99,KAN,30,,2,2,0,5,4,80.0%,78,19.5,15.6,0,118.7,15.0,73,5,2,1,0,0.0,1,11,1,8.3%
627,Chris Board\BoarCh00,BAL,23,,16,0,0,0,0,,0,,,0,,,0,0,3,0,0,0.0,0,12,0,0.0%
628,Deon Bush\BushDe00,CHI,25,,15,2,0,7,3,42.9%,32,10.7,4.6,0,56.8,6.9,27,5,0,0,0,1.0,1,8,0,0.0%
629,Adam Butler\ButlAd00,NWE,24,,16,0,0,2,1,50.0%,-3,-3.0,-1.5,0,56.2,-2.5,-4,1,2,5,2,3.0,10,17,0,0.0%
630,Christian Covington\CoviCh00,HOU,25,,12,2,0,2,1,50.0%,1,1.0,0.5,0,56.2,0.5,3,-2,0,3,3,3.5,10,15,0,0.0%
631,Tyeler Davison\DaviTy01,NOR,26,RDT,14,12,0,1,1,100.0%,12,12.0,12.0,0,116.7,7.0,7,5,0,2,1,2.0,5,23,0,0.0%
632,Shaquem Griffin\GrifSh01,SEA,23,,16,1,0,5,4,80.0%,81,20.3,16.2,1,158.3,4.8,8,73,0,0,0,0.0,0,11,1,8.3%
633,Eli Harold\HaroEl00,DET,24,,13,0,0,1,0,0.0%,0,,0.0,0,39.6,-5.0,0,0,22,0,1,4.0,5,10,0,0.0%
634,Charles Harris\HarrCh03,MIA,23,,11,1,0,1,1,100.0%,-4,-4.0,-4.0,0,79.2,-6.0,-6,2,0,8,3,1.0,12,19,2,9.5%
635,Treyvon Hester\HestTr00,PHI,26,,12,1,0,0,0,,0,,,0,,,0,0,0,1,0,1.0,2,13,2,13.3%
636,DeAndre Houston-Carson\HousDe00,CHI,25,,13,0,0,3,2,66.7%,18,9.0,6.0,0,82.6,4.7,11,7,2,0,1,0.0,1,10,0,0.0%
637,Natrell Jamerson\JameNa00,2TM,23,,12,0,0,8,5,62.5%,121,24.2,15.1,0,106.2,16.6,86,35,0,0,0,0.0,0,10,3,23.1%
638,Leonard Johnson\JohnLe03,ARI,28,,6,1,0,11,11,100.0%,133,12.1,12.1,0,117.0,7.6,84,49,6,1,0,0.0,1,10,2,16.7%
639,Colin Jones\JoneCo01,CAR,31,,16,1,1,6,5,83.3%,68,13.6,11.3,2,113.9,13.3,62,6,1,0,0,0.0,0,20,1,4.8%
640,Matt Longacre\LongMa00,LAR,27,LOLB,13,7,0,0,0,,0,,,0,,,0,0,28,4,3,1.0,8,17,3,15.0%
641,Jacob Martin\MartJa02,SEA,23,,16,0,0,1,1,100.0%,23,23.0,23.0,0,118.7,16.0,16,7,0,5,5,3.0,13,10,1,9.1%
642,David Mayo\MayoDa00,CAR,25,,16,3,0,7,6,85.7%,96,16.0,13.7,0,118.7,6.1,42,54,7,2,0,0.0,2,14,5,26.3%
643,Pernell McPhee\McPhPe00,WAS,30,,13,0,0,2,2,100.0%,6,3.0,3.0,0,79.2,-2.5,-5,11,7,4,3,0.0,7,11,2,15.4%
644,Kevin Minter\MintKe00,TAM,28,,5,0,0,2,1,50.0%,11,11.0,5.5,0,66.7,5.0,5,6,1,0,0,1.0,1,10,1,9.1%
645,Zach Moore\MoorZa00,ARI,28,,16,1,0,2,2,100.0%,27,13.5,13.5,0,118.7,1.5,3,24,1,1,1,3.5,6,14,2,12.5%
646,Lafayette Pitts\PittLa00,BUF,26,,16,0,0,5,3,60.0%,31,10.3,6.2,0,77.9,11.6,2,29,0,0,0,0.0,0,9,1,10.0%
647,Jalen Reeves-Maybin\ReevJa00,DET,23,,9,0,0,3,1,33.3%,0,0.0,0.0,0,42.4,11.7,0,0,1,0,0,0.0,0,13,3,18.8%
648,Dominique Rodgers-Cromartie\RodgDo99,OAK,32,,7,1,0,14,6,42.9%,42,7.0,3.0,0,50.3,9.4,17,25,1,0,0,0.0,0,8,4,33.3%
649,Derrick Shelby\ShelDe00,ATL,29,,7,3,0,0,0,,0,,,0,,,0,0,0,2,0,0.0,2,10,0,0.0%
650,John Simon\SimoJo01,NWE,28,,11,2,0,2,2,100.0%,23,11.5,11.5,0,114.6,9.0,18,5,25,3,1,2.0,6,17,1,5.6%
651,Grover Stewart\StewGr00,IND,25,,15,1,0,0,0,,0,,,0,,,0,0,0,1,0,0.0,1,17,1,5.6%
652,Dymonte Thomas\ThomDy01,DEN,25,,12,0,1,2,0,0.0%,0,,0.0,0,0.0,23.5,0,0,2,0,0,1.0,1,12,0,0.0%
653,Corey Thompson\ThomCo02,BUF,25,,6,1,0,4,3,75.0%,11,3.7,2.8,0,77.1,6.8,7,4,3,0,0,0.0,0,14,2,12.5%
654,Sylvester Williams\WillSy00,2TM,30,,14,4,0,0,0,,0,,,0,,,0,0,0,3,0,0.0,3,14,2,12.5%
655,Jonathan Woodard\WoodJo00,MIA,25,,6,0,0,0,0,,0,,,0,,,0,0,0,2,1,1.0,4,10,1,9.1%
656,Jamal Agnew\AgneJa00,DET,23,,6,0,0,12,9,75.0%,133,14.8,11.1,0,110.8,10.2,82,51,1,1,0,0.0,1,7,2,22.2%
657,Ryan Anderson\AndeRy00,WAS,24,,13,0,0,3,1,33.3%,17,17.0,5.7,0,53.5,2.3,3,14,3,3,2,2.0,7,18,1,5.3%
658,Ezekiel Ansah\AnsaEz00,DET,29,,7,2,0,0,0,,0,,,0,,,0,0,0,2,3,4.0,9,11,1,8.3%
659,Jeremiah Attaochu\AttaJe00,NYJ,25,,11,0,0,2,1,50.0%,7,7.0,3.5,1,97.9,7.0,7,0,4,2,3,2.0,7,9,1,10.0%
660,Johnson Bademosi\BadeJo00,HOU,28,,16,0,0,1,1,100.0%,8,8.0,8.0,0,100.0,6.0,6,2,0,0,0,0.0,0,10,0,0.0%
661,Kentrell Brothers\BrotKe00,MIN,25,,12,0,0,1,0,0.0%,0,,0.0,0,39.6,8.0,0,0,1,0,0,1.0,1,10,0,0.0%
662,Jermaine Carter Jr.\CartJe00,CAR,23,,16,1,0,7,6,85.7%,91,15.2,13.0,1,158.3,8.1,37,54,2,0,1,0.0,1,13,2,13.3%
663,Blake Countess\CounBl00,LAR,25,,16,1,1,5,3,60.0%,44,14.7,8.8,0,49.2,8.0,29,15,1,0,0,0.0,0,9,2,18.2%
664,Rudy Ford\FordRu00,ARI,24,,13,1,0,1,1,100.0%,13,13.0,13.0,0,118.7,4.0,4,9,0,0,0,0.0,0,9,2,18.2%
665,William Gholston\GholWi00,TAM,27,,16,2,0,0,0,,0,,,0,,,0,0,1,1,4,1.0,6,10,0,0.0%
666,Najee Goode\GoodNa00,IND,29,,16,0,1,4,4,100.0%,31,7.8,7.8,1,99.0,3.0,12,19,2,1,0,0.0,1,16,3,15.8%
667,Rasheem Green\GreeRa01,SEA,21,,10,0,0,0,0,,0,,,0,,,0,0,0,1,0,1.0,2,9,0,0.0%
668,Nicholas Grigsby\GrigNi01,2TM,26,,12,0,0,2,1,50.0%,10,10.0,5.0,0,64.6,1.0,-1,11,2,0,1,0.0,1,10,1,9.1%
669,Trey Hendrickson\HendTr00,NOR,24,,5,0,0,0,0,,0,,,0,,,0,0,0,5,4,0.0,9,8,0,0.0%
670,Mike Hull\HullMi01,MIA,27,,8,1,0,2,2,100.0%,14,7.0,7.0,0,95.8,1.5,3,11,5,2,0,0.0,2,9,1,10.0%
671,Isaiah Irving\IrviIs00,CHI,24,,13,0,0,0,0,,0,,,0,,,0,0,3,3,2,1.0,6,8,0,0.0%
672,Justin Jones\JoneJu03,LAC,23,,15,0,0,0,0,,0,,,0,,,0,0,0,1,0,0.5,2,17,1,5.6%
673,Peter Kalambayi\KalaPe00,HOU,23,,15,0,0,4,3,75.0%,44,14.7,11.0,0,110.4,3.8,14,30,0,1,0,0.0,1,13,1,7.1%
674,Shalom Luani\LuanSh00,SEA,24,,12,0,0,1,1,100.0%,3,3.0,3.0,0,79.2,3.0,3,0,1,0,1,0.0,1,9,0,0.0%
675,Stacy McGee\McGeSt01,WAS,28,,8,1,0,0,0,,0,,,0,,,0,0,0,0,0,1.0,1,9,0,0.0%
676,Rodney McLeod\McLeRo00,PHI,28,,3,3,0,10,4,40.0%,31,7.8,3.1,0,48.3,8.1,19,12,5,0,0,0.0,0,10,2,16.7%
677,Steven Means\MeanSt00,ATL,28,,8,4,0,0,0,,0,,,0,,,0,0,1,2,0,1.0,3,14,0,0.0%
678,Quenton Meeks\MeekQu00,JAX,22,,8,1,0,5,2,40.0%,44,22.0,8.8,0,72.1,11.4,31,13,0,0,0,0.0,0,8,1,11.1%
679,Corey Moore\MoorCo00,IND,25,,15,0,1,2,2,100.0%,49,24.5,24.5,0,79.2,23.0,46,3,0,0,0,0.0,0,12,1,7.7%
680,Ben Niemann\NiemBe00,KAN,23,,14,1,0,3,3,100.0%,49,16.3,16.3,0,118.7,7.0,21,28,0,0,0,0.0,0,10,0,0.0%
681,Rashard Robinson\RobiRa00,NYJ,23,,10,1,0,9,8,88.9%,126,15.8,14.0,1,155.8,9.8,88,38,1,0,0,0.0,0,8,1,11.1%
682,Chandon Sullivan\SullCh00,PHI,22,,5,1,0,7,6,85.7%,117,19.5,16.7,0,118.7,12.7,85,32,0,0,0,0.0,0,7,3,30.0%
683,Joe Thomas\ThomJo04,DAL,27,,10,0,0,7,5,71.4%,41,8.2,5.9,0,86.0,2.9,21,20,5,0,0,0.0,0,14,2,12.5%
684,Tavierre Thomas\ThomTa01,CLE,22,,13,0,0,3,2,66.7%,25,12.5,8.3,0,92.4,3.3,10,15,0,0,0,0.0,0,8,1,11.1%
685,Zach Vigil\VigiZa00,WAS,27,,14,0,0,4,3,75.0%,15,5.0,3.8,0,80.2,3.0,10,5,1,0,0,0.0,0,10,1,9.1%
686,Anthony Zettel\ZettAn00,CLE,26,,15,0,0,1,1,100.0%,5,5.0,5.0,0,87.5,5.0,5,0,0,0,0,0.0,0,14,0,0.0%
687,Connor Barwin\BarwCo99,NYG,32,,15,3,0,2,1,50.0%,13,13.0,6.5,0,70.8,2.0,-1,14,23,1,3,1.0,5,12,0,0.0%
688,Tarell Basham\BashTa00,2TM,24,,11,1,0,0,0,,0,,,0,,,0,0,3,1,2,0.0,3,8,0,0.0%
689,Tyus Bowser\BowsTy00,BAL,23,,15,0,0,2,1,50.0%,-1,-1.0,-0.5,0,56.2,9.0,-5,4,11,3,0,0.5,4,11,0,0.0%
690,James Burgess\BurgJa01,CLE,24,,3,2,0,4,2,50.0%,21,10.5,5.3,0,65.6,5.0,9,12,9,2,0,0.0,2,8,4,33.3%
691,Vernon Butler\ButlVe00,CAR,24,,14,0,0,0,0,,0,,,0,,,0,0,0,5,0,0.5,6,19,1,5.0%
692,Shilique Calhoun\CalhSh00,OAK,26,,7,0,0,0,0,,0,,,0,,,0,0,0,4,0,0.0,4,12,0,0.0%
693,Jordan Dangerfield\DangJo00,PIT,28,,16,1,0,1,1,100.0%,10,10.0,10.0,0,108.3,10.0,10,0,0,0,0,0.0,0,7,1,12.5%
694,Duke Ejiofor\EjioDu00,HOU,23,,12,0,0,3,3,100.0%,17,5.7,5.7,0,90.3,1.0,3,14,35,3,1,1.0,5,9,1,10.0%
695,John Franklin-Myers\FranJo02,LAR,22,,16,0,0,0,0,,0,,,0,,,0,0,0,11,4,2.0,17,10,0,0.0%
696,Ryan Glasgow\GlasRy00,CIN,25,,3,0,0,0,0,,0,,,0,,,0,0,0,1,1,0.0,2,11,1,8.3%
697,Andre Hal\HalxAn00,HOU,26,,8,2,3,11,7,63.6%,162,23.1,14.7,1,97.9,14.2,111,51,2,0,0,0.0,0,13,2,13.3%
698,Vernon Hargreaves III\HargVe00,TAM,23,,1,1,0,7,5,71.4%,59,11.8,8.4,0,96.7,8.7,46,13,1,0,0,0.0,0,7,0,0.0%
699,Jaleel Johnson\JohnJa09,MIN,24,,16,1,0,0,0,,0,,,0,,,0,0,0,1,0,0.5,2,13,0,0.0%
700,Deon Lacey\LaceDe00,BUF,28,,16,0,0,1,0,0.0%,0,,0.0,0,39.6,-7.0,0,0,0,0,0,0.0,0,8,0,0.0%
701,Arthur Maulet\MaulAr00,2TM,25,,6,1,0,12,9,75.0%,139,15.4,11.6,1,140.6,6.7,64,75,0,0,0,0.0,0,9,1,10.0%
702,Lerentee McCray\McCrLe01,JAX,28,,13,0,0,1,1,100.0%,42,42.0,42.0,0,118.7,18.0,18,24,0,3,1,1.0,5,9,1,10.0%
703,Efe Obada\ObadEf00,CAR,26,,10,0,1,1,1,100.0%,15,15.0,15.0,1,118.7,3.0,3,12,0,4,4,2.0,10,8,0,0.0%
704,Olsen Pierre\PierOl00,ARI,27,,10,1,0,0,0,,0,,,0,,,0,0,0,1,1,0.0,2,12,2,14.3%
705,Kevin Pierre-Louis\PierKe00,NYJ,27,,9,0,0,3,2,66.7%,18,9.0,6.0,0,82.6,10.0,17,1,3,0,1,1.0,2,7,1,12.5%
706,Lenzy Pipkins\PipkLe00,2TM,25,,3,1,0,4,3,75.0%,23,7.7,5.8,0,88.5,0.5,-5,28,0,0,0,0.0,0,9,0,0.0%
707,Tyvis Powell\PoweTy01,SFO,24,,7,1,0,8,7,87.5%,86,12.3,10.8,2,151.0,5.3,31,55,2,0,0,0.0,0,6,0,0.0%
708,Brian Price\PricBr00,2TM,24,,13,1,0,0,0,,0,,,0,,,0,0,0,0,0,0.0,0,12,1,7.7%
709,Shane Ray\RayxSh00,DEN,25,,11,0,0,4,3,75.0%,40,13.3,10.0,0,106.2,4.3,6,34,17,3,0,1.0,4,10,0,0.0%
710,Caraun Reid\ReidCa00,DAL,27,,10,1,0,0,0,,0,,,0,,,0,0,0,1,2,0.5,4,10,0,0.0%
711,Christian Ringo\RingCh00,2TM,26,,6,0,0,1,1,100.0%,12,12.0,12.0,0,116.7,-3.0,-3,15,0,0,1,1.5,3,10,0,0.0%
712,Daniel Ross\RossDa02,DAL,25,,13,0,0,0,0,,0,,,0,,,0,0,0,0,5,1.0,6,14,1,6.7%
713,Tim Settle\SettTi00,WAS,21,,16,0,0,0,0,,0,,,0,,,0,0,0,2,0,0.0,2,8,2,20.0%
714,Taylor Stallworth\StalTa00,NOR,23,,14,0,0,1,0,0.0%,13,,13.0,0,79.2,6.0,6,7,0,0,0,1.0,1,8,0,0.0%
715,Josh Tupou\TupoJo00,CIN,24,,6,0,0,0,0,,0,,,0,,,0,0,0,0,0,0.0,0,9,2,18.2%
716,J.J. Wilcox\WilcJ.00,2TM,27,,7,0,0,4,2,50.0%,7,3.5,1.8,0,56.2,1.3,5,2,7,0,0,0.0,0,7,0,0.0%
717,Tim Williams\WillTi00,BAL,25,,7,0,0,0,0,,0,,,0,,,0,0,2,5,0,2.0,7,10,0,0.0%
718,Brandon Wilson\WilsBr01,CIN,24,,16,0,0,2,2,100.0%,32,16.0,16.0,0,118.7,5.0,10,22,0,0,0,0.0,0,11,0,0.0%
719,Anthony Averett\AverAn00,BAL,24,,11,0,0,4,1,25.0%,18,18.0,4.5,0,45.8,23.0,12,6,0,0,0,0.0,0,5,0,0.0%
720,Maurice Canady\CanaMa00,BAL,24,,7,0,0,2,2,100.0%,24,12.0,12.0,0,116.7,12.0,24,0,0,0,0,0.0,0,5,0,0.0%
721,Cody Davis\DaviCo02,JAX,29,,16,0,0,0,0,,0,,,0,,,0,0,0,0,0,0.0,0,10,1,9.1%
722,Jalen Davis\DaviJa06,MIA,22,,3,0,0,5,3,60.0%,28,9.3,5.6,0,75.4,5.6,14,14,2,0,1,1.0,2,6,1,14.3%
723,Keionta Davis\DaviKe03,NWE,24,,6,3,0,0,0,,0,,,0,,,0,0,1,2,2,0.0,4,6,2,25.0%
724,Kerry Hyder\HydeKe01,DET,27,,7,0,0,0,0,,0,,,0,,,0,0,0,0,1,1.0,2,6,2,25.0%
725,Cyrus Jones\JoneCy00,2TM,25,,13,0,0,1,0,0.0%,31,,31.0,0,79.2,23.0,16,15,0,0,0,0.0,0,8,0,0.0%
726,Bennie Logan\LogaBe00,TEN,29,,15,0,0,0,0,,0,,,0,,,0,0,0,0,0,0.0,0,14,1,6.7%
727,R.J. McIntosh\McInR.00,NYG,22,,6,0,0,0,0,,0,,,0,,,0,0,0,0,1,0.0,1,5,0,0.0%
728,Christopher Milton\MiltCh00,IND,26,,15,0,0,6,4,66.7%,56,14.0,9.3,2,136.1,14.5,39,17,0,0,0,0.0,0,10,2,16.7%
729,Eddie Pleasant\PleaEd00,2TM,30,,6,1,0,7,6,85.7%,75,12.5,10.7,0,111.3,11.9,56,19,8,2,0,0.0,2,8,3,27.3%
730,Hassan Ridgeway\RidgHa00,IND,24,,5,0,0,1,1,100.0%,-1,-1.0,-1.0,0,79.2,-5.0,-5,4,0,0,0,0.0,0,6,1,14.3%
731,Patrick Robinson\RobiPa99,NOR,31,,3,1,0,5,3,60.0%,12,4.0,2.4,0,64.6,1.6,3,9,1,0,0,0.0,0,6,0,0.0%
732,Nathan Shepherd\ShepNa00,NYJ,25,rde,16,5,0,0,0,,0,,,0,,,0,0,0,1,4,0.0,5,15,3,16.7%
733,Maurice Smith\SmitMa04,MIA,23,,7,0,0,4,3,75.0%,46,15.3,11.5,0,112.5,16.8,23,23,0,0,0,0.0,0,5,3,37.5%
734,Shamarko Thomas\ThomSh00,DEN,27,,6,0,0,1,1,100.0%,4,4.0,4.0,1,122.9,4.0,4,0,0,0,0,0.0,0,7,0,0.0%
735,Neiko Thorpe\ThorNe00,SEA,28,,12,0,0,4,2,50.0%,21,10.5,5.3,0,65.6,18.3,9,12,0,0,0,0.0,0,7,0,0.0%
736,Ethan Westbrooks\WestEt00,LAR,28,,16,0,0,0,0,,0,,,0,,,0,0,0,0,0,1.0,1,8,0,0.0%
737,Adonis Alexander\AlexAd00,WAS,22,,9,0,0,2,1,50.0%,6,6.0,3.0,0,56.2,1.5,0,6,0,0,0,0.0,0,4,1,20.0%
738,Tashawn Bower\BoweTa00,MIN,23,,5,0,0,0,0,,0,,,0,,,0,0,0,1,0,0.0,1,6,1,14.3%
739,Deante Burton\BurtDe00,2TM,24,,3,0,0,6,6,100.0%,64,10.7,10.7,0,111.1,8.0,48,16,0,0,0,0.0,0,5,0,0.0%
740,Bryan Cox Jr.\CoxxBr01,CAR,24,,11,0,0,3,1,33.3%,11,11.0,3.7,0,45.1,6.0,10,1,0,1,1,0.0,2,10,2,16.7%
741,Brock Coyle\CoylBr00,SFO,28,,1,1,0,5,3,60.0%,40,13.3,8.0,0,85.4,-0.6,-2,42,3,1,0,0.0,1,6,1,14.3%
742,Benny Cunningham\CunnBe01,CHI,28,,15,0,0,1,1,100.0%,7,7.0,7.0,0,95.8,2.0,2,5,0,0,0,0.0,0,4,0,0.0%
743,Donte Deayon\DeayDo01,NYG,24,,4,0,0,10,5,50.0%,61,12.2,6.1,0,69.2,9.3,50,11,0,0,0,0.0,0,6,3,33.3%
744,Dominique Easley\EaslDo00,LAR,26,,3,3,0,0,0,,0,,,0,,,0,0,1,3,0,0.0,3,4,0,0.0%
745,Ukeme Eligwe\EligUk00,NYG,24,,10,0,0,4,4,100.0%,23,5.8,5.8,0,90.6,2.5,10,13,5,1,0,0.0,1,7,0,0.0%
746,Raven Greene\GreeRa02,GNB,23,,8,0,0,2,1,50.0%,0,0.0,0.0,0,56.2,13.0,0,0,4,0,0,1.0,1,5,0,0.0%
747,William Hayes\HayeWi99,MIA,33,,3,0,0,0,0,,0,,,0,,,0,0,0,0,0,2.0,2,4,0,0.0%
748,Evander Hood\HoodEv99,2TM,31,,13,0,0,0,0,,0,,,0,,,0,0,0,3,0,0.0,3,9,1,10.0%
749,Darius Kilgo\KilgDa01,TEN,27,,11,0,0,0,0,,0,,,0,,,0,0,0,0,0,0.0,0,5,3,37.5%
750,Kenny Ladler\LadlKe00,2TM,26,,8,0,0,2,2,100.0%,26,13.0,13.0,0,118.7,7.0,14,12,1,0,1,0.0,1,9,1,10.0%
751,Justin Lawler\LawlJu00,LAR,24,,16,0,0,6,5,83.3%,23,4.6,3.8,0,82.6,-1.3,-10,33,2,0,0,0.0,0,6,0,0.0%
752,Carl Lawson\LawsCa00,CIN,23,,7,0,0,1,0,0.0%,0,,0.0,0,39.6,-5.0,0,0,0,9,4,1.0,14,6,0,0.0%
753,Eric Lee\LeexEr00,DET,24,,9,0,0,0,0,,0,,,0,,,0,0,0,2,0,0.0,2,6,2,25.0%
754,Cameron Lynch\LyncCa00,TAM,25,,16,0,0,0,0,,0,,,0,,,0,0,1,0,0,0.0,0,4,0,0.0%
755,Dean Marlowe\MarlDe00,BUF,26,,2,1,0,3,1,33.3%,4,4.0,1.3,0,42.4,13.3,4,0,2,0,0,0.0,0,5,0,0.0%
756,Albert McClellan\McClAl00,2TM,32,,13,1,0,2,1,50.0%,9,9.0,4.5,0,62.5,10.0,8,1,1,0,0,0.0,0,7,0,0.0%
757,Dexter McDougle\McDoDe00,PHI,27,,2,1,0,9,6,66.7%,74,12.3,8.2,0,91.9,6.1,41,33,3,0,1,0.0,1,5,3,37.5%
758,Tony McRae\McRaTo00,CIN,25,,12,1,0,11,8,72.7%,97,12.1,8.8,0,99.4,1.0,7,90,1,0,0,0.0,0,9,1,10.0%
759,Skai Moore\MoorSk00,IND,23,,9,1,0,0,0,,0,,,0,,,0,0,2,1,0,0.0,1,4,0,0.0%
760,Brian Peters\PeteBr00,HOU,30,,11,0,0,6,6,100.0%,112,18.7,18.7,0,118.7,4.7,28,84,1,0,0,0.0,0,9,4,30.8%
761,Denzel Rice\RiceDe00,2TM,25,,12,0,1,3,2,66.7%,31,15.5,10.3,0,61.1,17.0,22,9,0,0,0,0.0,0,5,0,0.0%
762,Josh Robinson\RobiJo01,NOR,27,,11,0,0,2,1,50.0%,9,9.0,4.5,0,62.5,5.5,6,3,1,0,0,0.0,0,6,0,0.0%
763,Da'Norris Searcy\SearDa00,CAR,30,,2,2,0,3,2,66.7%,24,12.0,8.0,0,91.0,14.3,11,13,0,0,0,0.0,0,5,0,0.0%
764,Tremon Smith\SmitTr04,KAN,22,,14,1,0,7,4,57.1%,76,19.0,10.9,0,94.9,14.3,51,25,0,0,0,0.0,0,5,2,28.6%
765,Jullian Taylor\TaylJu00,SFO,23,,6,0,0,0,0,,0,,,0,,,0,0,0,0,1,0.0,1,7,0,0.0%
766,Jihad Ward\WardJi02,IND,24,,6,0,0,0,0,,0,,,0,,,0,0,0,1,1,3.0,5,4,1,20.0%
767,Adolphus Washington\WashAd00,2TM,24,,5,0,0,0,0,,0,,,0,,,0,0,0,0,1,1.0,2,8,0,0.0%
768,Dekoda Watson\WatsDe99,SFO,30,,4,0,0,0,0,,0,,,0,,,0,0,3,1,0,2.0,4,6,0,0.0%
769,Marcus Williams\WillMa03,2TM,27,,5,0,0,6,4,66.7%,40,10.0,6.7,0,85.4,19.5,40,0,0,0,0,0.0,0,4,0,0.0%
770,Jack Cichy\CichJa00,TAM,22,,6,0,0,1,1,100.0%,7,7.0,7.0,0,95.8,7.0,7,0,0,0,0,0.0,0,4,0,0.0%
771,Corn Elder\EldeCo00,CAR,24,,13,0,0,6,5,83.3%,96,19.2,16.0,1,158.3,13.5,64,32,0,0,0,0.0,0,3,2,40.0%
772,Jalyn Holmes\HolmJa01,MIN,22,,5,0,0,1,1,100.0%,7,7.0,7.0,0,95.8,5.0,5,2,0,0,0,1.0,1,3,0,0.0%
773,David Irving\IrviDa00,DAL,25,,2,0,0,0,0,,0,,,0,,,0,0,0,1,1,1.0,3,4,1,20.0%
774,Derrick Jones\JoneDe02,NYJ,24,,1,0,0,4,3,75.0%,18,6.0,4.5,0,83.3,4.8,10,8,0,0,0,0.0,0,3,1,25.0%
775,Josh Keyes\KeyeJo00,HOU,25,,3,0,0,2,2,100.0%,35,17.5,17.5,0,118.7,9.0,18,17,0,0,0,0.0,0,5,0,0.0%
776,Tanoh Kpassagnon\KpasTa00,KAN,24,,13,0,0,1,0,0.0%,0,,0.0,0,39.6,0.0,0,0,2,0,1,0.0,1,4,0,0.0%
777,Chris Landrum\LandCh00,LAC,26,,7,0,0,0,0,,0,,,0,,,0,0,2,0,2,0.0,2,6,0,0.0%
778,Obi Melifonwu\MeliOb00,NWE,24,,2,0,0,1,1,100.0%,5,5.0,5.0,0,87.5,5.0,5,0,2,0,0,0.0,0,3,0,0.0%
779,David Parry\ParrDa00,MIN,26,,3,0,0,0,0,,0,,,0,,,0,0,0,1,0,1.0,2,4,0,0.0%
780,Dawuane Smoot\SmooDa00,JAX,23,,8,0,0,1,0,0.0%,0,,0.0,0,39.6,1.0,0,0,0,2,3,0.0,5,4,0,0.0%
781,Pita Taumoepenu\TaumPi00,SFO,24,,4,0,0,1,1,100.0%,5,5.0,5.0,0,87.5,2.0,2,3,0,0,0,0.0,0,3,0,0.0%
782,Matthew Thomas\ThomMa00,PIT,23,,10,0,0,1,0,0.0%,8,,8.0,0,60.4,7.0,7,1,0,0,0,0.0,0,4,0,0.0%
783,Korey Toomer\ToomKo00,GNB,30,,7,0,0,1,1,100.0%,24,24.0,24.0,0,118.7,9.0,9,15,1,0,0,0.0,0,3,0,0.0%
784,Michael Tyson\TysoMi00,HOU,25,,10,2,0,2,0,0.0%,0,,0.0,0,39.6,12.0,0,0,2,0,0,0.0,0,5,1,16.7%
785,Armani Watts\WattAr00,KAN,22,,5,0,0,2,1,50.0%,7,7.0,3.5,0,58.3,-1.0,-5,12,5,0,1,1.0,2,5,1,16.7%
786,Blidi Wreh-Wilson\WrehBl00,ATL,29,,3,0,0,4,1,25.0%,11,11.0,2.8,0,39.6,17.3,3,8,0,0,0,0.0,0,4,0,0.0%
787,Nat Berhe\BerhNa00,PIT,27,,4,0,0,4,4,100.0%,42,10.5,10.5,0,110.4,8.0,32,10,1,0,0,0.0,0,3,1,25.0%
788,Matt Dickerson\DickMa00,TEN,23,,3,0,0,0,0,,0,,,0,,,0,0,0,1,0,0.0,1,3,0,0.0%
789,Vontarrius Dora\DoraVo00,ARI,26,,3,0,0,0,0,,0,,,0,,,0,0,0,1,1,0.0,2,3,1,25.0%
790,Daeshon Hall\HallDa01,PHI,23,,3,0,0,0,0,,0,,,0,,,0,0,0,0,0,0.5,1,3,0,0.0%
791,Willie Henry\HenrWi00,BAL,24,,3,0,0,0,0,,0,,,0,,,0,0,0,1,0,1.0,2,3,1,25.0%
792,Joshua Holsey\HolsJo01,WAS,24,,1,0,0,4,3,75.0%,29,9.7,7.3,0,94.8,3.0,-3,32,0,0,0,0.0,0,2,3,60.0%
793,Timmy Jernigan\JernTi00,PHI,26,,3,3,0,0,0,,0,,,0,,,0,0,1,0,0,0.0,0,2,0,0.0%
794,Lyndon Johnson\JohnLy00,JAX,24,,3,0,0,0,0,,0,,,0,,,0,0,0,1,0,0.0,1,2,0,0.0%
795,Tre'von Johnson\JohnTr07,LAC,23,,4,0,0,0,0,,0,,,0,,,0,0,0,0,0,0.0,0,3,1,25.0%
796,Nazair Jones\JoneNa00,SEA,24,,9,0,0,0,0,,0,,,0,,,0,0,0,1,2,0.0,3,7,0,0.0%
797,Micah Kiser\KiseMi00,LAR,23,,16,0,0,1,1,100.0%,23,23.0,23.0,0,118.7,-2.0,-2,25,0,0,0,0.0,0,4,0,0.0%
798,Cameron Malveaux\MalvCa00,2TM,24,,9,0,0,0,0,,0,,,0,,,0,0,0,3,0,1.0,4,10,0,0.0%
799,Daniel McCullers\McCuDa00,PIT,26,,15,1,0,0,0,,0,,,0,,,0,0,0,0,0,1.0,1,5,1,16.7%
800,T.Y. McGill\McGiT.00,2TM,26,,6,0,0,0,0,,0,,,0,,,0,0,0,0,1,0.0,1,5,0,0.0%
801,Charone Peake\PeakCh00,NYJ,26,,13,0,0,1,1,100.0%,15,15.0,15.0,0,118.7,8.0,8,7,0,0,0,0.0,0,4,0,0.0%
802,Patrick Ricard\RicaPa00,BAL,24,,10,2,0,0,0,,0,,,0,,,0,0,0,1,1,0.0,2,4,0,0.0%
803,Derek Rivers\RiveDe00,NWE,24,,6,0,0,0,0,,0,,,0,,,0,0,0,0,0,1.0,1,2,0,0.0%
804,Noah Spence\SpenNo00,TAM,24,,12,0,0,0,0,,0,,,0,,,0,0,0,0,1,0.0,1,3,0,0.0%
805,Cordrea Tankersley\TankCo00,MIA,25,,6,0,0,3,3,100.0%,42,14.0,14.0,0,118.7,10.7,32,10,0,0,0,0.0,0,5,1,16.7%
806,Destiny Vaeao\VaeaDe01,PHI,24,,6,3,0,0,0,,0,,,0,,,0,0,0,1,1,1.0,3,2,0,0.0%
807,DeMarcus Walker\WalkDe03,DEN,24,,3,0,0,0,0,,0,,,0,,,0,0,0,0,0,1.0,1,4,0,0.0%
808,Carlos Watkins\WatkCa00,HOU,25,,4,0,0,0,0,,0,,,0,,,0,0,0,0,0,1.0,1,3,0,0.0%
809,Muhammad Wilkerson\WilkMu00,GNB,29,,3,3,0,0,0,,0,,,0,,,0,0,0,5,0,0.0,5,5,0,0.0%
810,Jerel Worthy\WortJe00,TAM,28,,4,0,0,0,0,,0,,,0,,,0,0,0,1,0,0.0,1,3,0,0.0%
811,Frank Zombo\ZombFr00,KAN,31,,9,0,0,1,0,0.0%,0,,0.0,0,39.6,1.0,0,0,0,0,0,0.0,0,2,0,0.0%
812,Marcus Allen\AlleMa03,PIT,22,,2,0,0,3,2,66.7%,13,6.5,4.3,0,75.7,2.3,5,8,1,0,0,0.0,0,2,0,0.0%
813,Caleb Brantley\BranCa00,WAS,24,,7,0,0,0,0,,0,,,0,,,0,0,0,0,0,0.0,0,1,2,66.7%
814,Marcus Cooper\CoopMa00,2TM,28,,6,0,0,2,1,50.0%,0,0.0,0.0,0,56.2,12.5,-2,2,0,0,0,0.0,0,1,0,0.0%
815,Vontae Davis\DaviVo99,BUF,30,,1,1,0,3,3,100.0%,34,11.3,11.3,1,153.5,7.3,22,12,0,0,0,0.0,0,1,0,0.0%
816,Marquis Flowers\FlowMa00,DET,26,,5,0,0,0,0,,0,,,0,,,0,0,0,0,0,0.0,0,2,1,33.3%
817,C.J. Goodwin\GoodC.00,DAL,28,,3,0,0,1,1,100.0%,27,27.0,27.0,0,118.7,17.0,17,10,0,0,0,0.0,0,1,0,0.0%
818,Marquis Haynes\HaynMa01,CAR,25,,4,0,0,0,0,,0,,,0,,,0,0,0,1,0,0.0,1,4,1,20.0%
819,Jeff Holland\HollJe01,DEN,21,,3,0,0,0,0,,0,,,0,,,0,0,6,0,0,0.0,0,6,0,0.0%
820,Davon House\HousDa00,GNB,29,,3,0,0,5,4,80.0%,88,22.0,17.6,1,158.3,15.6,68,20,0,0,0,0.0,0,2,0,0.0%
821,Isaiah Johnson\JohnIs01,LAR,26,,2,0,0,0,0,,0,,,0,,,0,0,1,0,0,0.0,0,1,1,50.0%
822,Kevin Johnson\JohnKe04,HOU,26,,1,1,0,5,4,80.0%,40,10.0,8.0,2,139.6,5.0,18,22,0,0,0,0.0,0,4,3,42.9%
823,Tony Lippett\LippTo00,NYG,26,,3,0,0,5,2,40.0%,62,31.0,12.4,0,87.1,12.4,39,23,0,0,0,0.0,0,1,0,0.0%
824,Justin March-Lillard\MarcJu00,DAL,25,,16,0,0,0,0,,0,,,0,,,0,0,1,0,0,0.0,0,4,0,0.0%
825,Damontre Moore\MoorDa01,OAK,26,,2,0,0,1,1,100.0%,1,1.0,1.0,1,118.7,1.0,1,0,1,0,1,0.0,1,1,0,0.0%
826,Keanu Neal\NealKe01,ATL,23,,1,1,0,2,1,50.0%,7,7.0,3.5,0,58.3,23.0,5,2,0,0,0,0.0,0,2,0,0.0%
827,Will Redmond\RedmWi00,GNB,25,,5,0,0,0,0,,0,,,0,,,0,0,3,0,0,0.0,0,1,0,0.0%
828,Andre Smith\SmitAn04,CAR,21,,3,0,0,1,1,100.0%,6,6.0,6.0,0,91.7,3.0,3,3,0,0,0,0.0,0,3,1,25.0%
829,Josh Sweat\SweaJo00,PHI,21,,9,0,0,0,0,,0,,,0,,,0,0,0,0,1,0.0,1,1,0,0.0%
830,Ahmad Thomas\ThomAh00,IND,24,,2,1,0,0,0,,0,,,0,,,0,0,0,1,0,0.0,1,1,0,0.0%
831,Kayvon Webster\WebsKa00,HOU,27,,2,2,0,1,0,0.0%,0,,0.0,0,39.6,15.0,0,0,0,0,0,0.0,0,1,0,0.0%
832,Olasunkanmi Adeniyi\AdenOl00,PIT,21,,1,0,0,0,0,,0,,,0,,,0,0,1,0,0,0.0,0,1,0,0.0%
833,Ryan Delaire\DelaRy00,SFO,26,,2,0,0,0,0,,0,,,0,,,0,0,0,0,1,0.0,1,0,0,
834,Kony Ealy\EalyKo00,OAK,27,,3,0,0,0,0,,0,,,0,,,0,0,0,1,0,0.0,1,2,1,33.3%
835,Dominique Hatfield\HatfDo00,LAR,24,,10,0,0,1,0,0.0%,0,,0.0,0,39.6,13.0,0,0,0,0,0,0.0,0,1,0,0.0%
836,Bruce Hector\HectBr00,PHI,24,,8,0,0,0,0,,0,,,0,,,0,0,0,0,0,0.5,1,2,0,0.0%
837,DeAndre Hopkins*+\HopkDe00,HOU,26,WR,16,16,0,1,0,0.0%,0,,0.0,0,39.6,53.0,0,0,0,0,0,0.0,0,0,0,
838,John Jenkins\JenkJo00,NYG,29,,7,0,0,0,0,,0,,,0,,,0,0,0,0,1,0.0,1,0,0,
839,Datone Jones\JoneDa03,DAL,28,,1,0,0,0,0,,0,,,0,,,0,0,0,0,1,0.0,1,0,0,
840,Bronson Kaufusi\KaufBr01,NYJ,27,,3,0,0,0,0,,0,,,0,,,0,0,0,0,1,0.0,1,0,1,100.0%
841,Mike Love\LoveMi00,BUF,24,,3,0,0,0,0,,0,,,0,,,0,0,0,1,0,0.0,1,5,0,0.0%
842,Jamiyus Pittman\PittJa00,MIA,24,,3,0,0,0,0,,0,,,0,,,0,0,0,1,0,0.0,1,2,0,0.0%
843,Gabe Wright\WrigGa00,OAK,26,,2,0,0,0,0,,0,,,0,,,0,0,0,1,0,0.0,1,1,0,0.0%