nflId,height,weight,birthDate,collegeName,position,displayName
2539334,72,190,1990-09-10,Washington,CB,Desmond Trufant
2539653,70,186,1988-11-01,Southeastern Louisiana,CB,Robert Alford
2543850,69,186,1991-12-18,Purdue,SS,Ricardo Allen
2555162,73,227,1994-11-04,Louisiana State,MLB,Deion Jones
2555255,75,232,1993-07-01,Minnesota,OLB,De'Vondre Campbell
2555543,73,216,1995-07-26,Florida,FS,Keanu Neal
2556445,70,211,1992-10-20,Florida,CB,Brian Poole
2507763,6-0,200,08/01/1986,Mississippi,WR,Mike Wallace
2532842,78,243,1989-01-20,Arizona,QB,Nick Foles
2540158,77,250,1990-11-10,Stanford,TE,Zach Ertz
2552582,6-0,223,06/15/1993,Boise State,RB,Jay Ajayi
2552600,72,198,1993-05-24,Southern California,WR,Nelson Agholor
2553502,68,190,1993-04-10,Sacramento State,WR,DeAndre Carter
2552301,75,246,1992-07-08,Clemson,DE,Vic Beasley
2506467,66,190,1983-06-20,Kansas State,RB,Darren Sproles
2557967,73,230,1994-08-09,Louisiana State,OLB,Duke Riley
2558184,71,190,1993-06-05,San Diego State,SS,Damontae Kazee
2560995,77,256,1995-01-03,South Dakota State,TE,Dallas Goedert
2559150,70,220,1994-11-02,Wisconsin,RB,Corey Clement
310,76,217,1985-05-17,Boston College,QB,Matt Ryan
2495454,75,220,1989-02-08,Alabama,WR,Julio Jones
2507828,6-5,268,02/26/1987,UCLA,TE,Logan Paulsen
2552453,73,210,1993-04-16,Indiana,RB,Tevin Coleman
2555415,76,254,1994-10-29,Stanford,TE,Austin Hooper
2558023,77,253,1994-05-01,Drake,TE,Eric Saubert
79848,72,204,1987-12-20,Ohio State,SS,Malcolm Jenkins
2534832,70,195,1990-06-23,Virginia,FS,Rodney McLeod
2552315,73,236,1992-06-27,Texas,MLB,Jordan Hicks
2552689,71,193,1994-01-02,Florida State,CB,Ronald Darby
2555383,72,191,1994-04-06,Louisiana State,CB,Jalen Mills
2556363,74,230,1994-05-16,Eastern Illinois,OLB,Kamu Grugier-Hill
2558175,74,230,1995-02-23,Nebraska,LB,Nate Gerry
2543583,68,206,1992-03-15,Florida State,RB,Devonta Freeman
2552418,70,192,1991-12-18,East Carolina,WR,Justin Hardy
2557034,70,190,1993-04-10,Washington,WR,Marvin Hall
2560854,73,190,1994-12-20,Alabama,WR,Calvin Ridley
2557958,72,181,1996-05-21,Washington,CB,Sidney Jones
2533040,74,215,1989-08-22,Rutgers,WR,Mohamed Sanu
2495613,6-0,196,07/25/1985,New Hampshire,FS,Corey Graham
2561132,74,215,1995-08-02,Yale,LB,Foye Oluokun
2558258,71,191,1995-03-20,West Virginia,WR,Shelton Gibson
2559033,72,233,1994-04-15,Oregon State,FB,Ricky Ortiz
2559109,74,205,1994-07-12,Kansas State,CB,Deante Burton
2539291,5-11,185,02/07/1991,Oregon State,WR,Markus Wheaton
2558168,74,209,1995-08-29,West Virginia,CB,Rasul Douglas
2555461,70,208,1994-01-20,West Virginia,RB,Wendell Smallwood
79607,71,210,1988-07-12,Pittsburgh,RB,LeSean McCoy
2495139,75,246,1989-02-13,Tulsa,TE,Charles Clay
2495189,5-9,188,11/08/1988,Texas Christian,WR,Jeremy Kerley
2543471,6-5,245,02/05/1991,Florida State,WR,Kelvin Benjamin
2557863,74,200,1995-03-30,East Carolina,WR,Zay Jones
2558191,74,225,1994-05-04,Pittsburgh,QB,Nathan Peterman
4365,72,210,1986-05-19,Grand Valley State,CB,Brandon Carr
2495775,5-11,195,01/04/1985,Utah,FS,Eric Weddle
2540164,71,211,1992-01-27,Oklahoma,SS,Tony Jefferson
2543464,74,250,1992-06-19,Alabama,ILB,C.J. Mosley
2552279,76,272,1992-09-08,Kentucky,OLB,Za'Darius Smith
2555378,69,185,1994-03-14,Temple,CB,Tavon Young
2555505,75,261,1992-08-15,Grand Valley State,OLB,Matt Judon
2558067,72,197,1996-07-08,Alabama,CB,Marlon Humphrey
2506268,73,245,1983-05-31,California,OLB,Lorenzo Alexander
2539240,72,197,1990-12-31,Iowa,SS,Micah Hyde
2539290,72,191,1991-04-25,Oregon State,FS,Jordan Poyer
2543851,72,193,1991-04-04,Rice,CB,Phillip Gaines
2557867,71,192,1995-01-16,Louisiana State,CB,Tre'Davious White
2557969,72,223,1994-07-28,Boston College,OLB,Matt Milano
2560713,77,250,1998-05-02,Virginia Tech,LB,Tremaine Edmunds
382,78,245,1985-01-16,Delaware,QB,Joe Flacco
71269,6-1,215,09/14/1987,Texas Tech,WR,Michael Crabtree
2543847,71,179,1990-04-03,Pittsburg State,WR,John Brown
2552402,76,270,1993-02-17,Delaware,TE,Nick Boyle
2552468,76,252,1994-04-12,Minnesota,TE,Maxx Williams
2555430,5-10,208,08/26/1994,Arkansas,RB,Alex Collins
2560766,71,192,1996-07-27,Weber State,CB,Taron Johnson
2550256,71,205,1992-10-17,Ball State,WR,Willie Snead
2552631,72,218,1991-08-27,Southern California,RB,Javorius Allen
2560729,74,196,1994-05-07,Alabama,WR,Robert Foster
2505660,75,265,1982-10-11,Arizona State,OLB,Terrell Suggs
2558990,75,311,1994-05-27,Maine,FB,Patrick Ricard
2508004,71,207,1987-03-27,Tennessee State,DB,Anthony Levine
2555209,73,200,1993-06-16,Cincinnati,WR,Chris Moore
2495453,6-4,210,06/16/1988,Hillsdale,WR,Andre Holmes
2543767,78,250,1991-07-01,Virginia Tech,TE,Logan Thomas
2559159,77,246,1994-02-28,Tennessee,TE,Jason Croom
2556642,72,227,1992-08-22,Portland State,ILB,Patrick Onwuasor
2558248,72,205,1995-04-19,Virginia Tech,FS,Chuck Clark
2507817,5-11,205,05/12/1987,South Carolina State,SS,Rafael Bush
2557841,75,244,1993-11-12,Alabama,OLB,Tim Williams
2560947,73,235,1994-11-15,UCLA,LB,Kenny Young
2552647,69,195,1991-10-03,Missouri,RB,Marcus Murphy
2558166,75,240,1995-05-23,Houston,OLB,Tyus Bowser
2560957,77,255,1995-09-06,Oklahoma,TE,Mark Andrews
2507999,6-0,223,03/22/1988,Tiffin University,RB,Chris Ivory
2560955,77,237,1996-05-21,Wyoming,QB,Josh Allen
2555229,70,228,1994-01-21,Louisiana Tech,RB,Kenneth Dixon
2560757,74,212,1997-01-07,Louisville,QB,Lamar Jackson
2561485,5-10,173,11/20/1993,Rutgers,WR,Janarion Grant
2560963,71,178,1994-11-30,Alabama,CB,Anthony Averett
2555178,73,193,1994-05-26,Virginia,CB,Maurice Canady
2561301,74,230,1995-07-23,North Dakota State,LB,Chris Board
2506109,77,240,1982-03-02,"Miami, O.",QB,Ben Roethlisberger
2508061,5-10,185,07/10/1988,Central Michigan,WR,Antonio Brown
2540151,6-4,203,05/20/1991,Tennessee,WR,Justin Hunter
2552633,79,250,1994-06-04,Penn State,TE,Jesse James
2557978,73,233,1995-05-05,Pittsburgh,RB,James Conner
2558149,73,215,1996-11-22,Southern California,WR,JuJu Smith-Schuster
2539311,75,255,1989-10-20,Southern Mississippi,OLB,Jamie Collins
2543637,71,190,1992-05-17,Oregon,CB,Terrance Mitchell
2552389,71,196,1992-08-29,Arizona State,CB,Damarious Randall
2555166,73,245,1993-11-06,Wisconsin,MLB,Joe Schobert
2555540,70,210,1993-12-15,Texas Christian,SS,Derrick Kindred
2556475,69,193,1993-01-21,Minnesota,CB,Briean Boddy-Calhoun
2560916,71,191,1997-04-28,Ohio State,CB,Denzel Ward
2560920,71,213,1996-04-02,Oklahoma State,WR,James Washington
2560964,72,250,1995-04-26,Memphis,LB,Genard Avery
496727,73,210,1989-01-13,Georgia Tech,SS,Morgan Burnett
496733,71,195,1989-04-14,Florida,CB,Joe Haden
2539978,73,245,1991-05-05,Florida,ILB,Jon Bostic
2540221,73,233,1989-12-27,Florida State,ILB,Vince Williams
2552289,76,269,1993-02-12,Kentucky,OLB,Bud Dupree
2555344,72,197,1995-05-01,Miami,CB,Artie Burns
2555386,73,202,1993-10-23,Maryland,SS,Sean Davis
2556559,69,184,1994-03-09,Mississippi,CB,Mike Hilton
2558064,76,252,1994-10-11,Wisconsin,OLB,T.J. Watt
2495240,73,215,1989-08-03,Virginia Tech,QB,Tyrod Taylor
2537931,75,225,1991-04-13,Utah,WR,Josh Gordon
2540928,79,270,1986-04-22,California-Irvine,TE,Darren Fells
2543488,71,196,1992-11-28,Louisiana State,WR,Jarvis Landry
2543743,72,229,1990-09-20,Ohio State,RB,Carlos Hyde
2557986,76,246,1996-07-10,Miami,TE,David Njoku
2552461,69,210,1993-09-23,Miami,RB,Duke Johnson
2555468,73,198,1994-10-07,Colorado State,WR,Rashard Higgins
2560712,73,217,1997-01-20,Virginia Tech,S,Terrell Edmunds
2550235,71,248,1992-03-30,Kent State,FB,Roosevelt Nix
2550521,76,261,1992-09-22,Southern California,TE,Xavier Grimble
2543720,74,235,1992-08-31,Iowa,OLB,Christian Kirksey
2557980,71,213,1995-10-04,Michigan,FS,Jabrill Peppers
2560988,71,200,1997-01-09,Florida,WR,Antonio Callaway
2552266,75,255,1992-12-10,Miami,OLB,Anthony Chickillo
2561021,71,225,1995-12-27,Georgia,RB,Nick Chubb
2557960,68,185,1994-11-04,North Carolina,WR,Ryan Switzer
2558849,71,188,1995-02-27,Tennessee,CB,Cameron Sutton
2556365,6-3,245,01/29/1993,Princeton,TE,Seth DeValve
2550164,72,204,1990-07-28,Ohio,CB,T.J. Carrie
2561470,6-4,207,10/17/1994,Texas Tech,WR,Derrick Willies
2533060,74,190,1989-10-26,Alabama,CB,Dre Kirkpatrick
2543814,73,255,1992-10-27,Louisville,MLB,Preston Brown
2555355,72,205,1993-06-02,Illinois,FS,Clayton Fejedelem
2555528,74,235,1993-08-20,Utah State,OLB,Nick Vigil
2556367,72,196,1992-10-27,Houston,CB,William Jackson
2558801,75,242,1995-01-27,Oklahoma,OLB,Jordan Evans
2560970,73,200,1997-02-26,Wake Forest,S,Jessie Bates
2532865,70,183,1989-11-14,Florida International,WR,T.Y. Hilton
2533031,6-4,240,09/12/1989,Stanford,QB,Andrew Luck
2540232,78,262,1990-05-05,Western Kentucky,TE,Jack Doyle
2543466,76,253,1993-04-10,North Carolina,TE,Eric Ebron
2543759,72,194,1990-12-19,Tulane,WR,Ryan Grant
2560933,73,217,1994-07-18,Mississippi,RB,Jordan Wilkins
2543474,71,205,1991-10-10,Michigan State,CB,Darqueze Dennard
2556396,72,184,1994-01-12,Grambling State,WR,Chester Rogers
2558877,74,214,1994-12-18,Old Dominion,WR,Zach Pascal
2560742,69,198,1996-11-12,North Carolina State,RB,Nyheim Hines
2495143,74,220,1987-10-29,Texas Christian,QB,Andy Dalton
2495450,76,210,1988-07-31,Georgia,WR,A.J. Green
2540148,78,255,1990-09-08,Notre Dame,TE,Tyler Eifert
2540156,69,205,1991-11-22,North Carolina,HB,Giovani Bernard
2555466,74,203,1994-11-15,Pittsburgh,WR,Tyler Boyd
2558010,71,194,1995-11-27,Washington,WR,John Ross
2552386,74,216,1992-06-01,Central Florida,FS,Clayton Geathers
2556429,71,209,1992-07-15,Notre Dame,SS,Matthias Farley
2557961,74,193,1996-08-16,Florida,CB,Quincy Wilson
2558108,72,185,1994-06-30,Temple,CB,Nate Hairston
2558851,73,230,1995-08-08,Northwestern,ILB,Anthony Walker
2558976,69,190,1995-08-23,Valdosta State,CB,Kenny Moore II
2560789,74,230,1995-07-27,South Carolina State,LB,Darius Leonard
2552586,78,250,1992-10-15,Rutgers,TE,Tyler Kroft
2550405,76,255,1992-05-08,Miami,TE,Erik Swoope
2552559,78,260,1993-01-14,Auburn,TE,C.J. Uzomah
2557976,73,220,1996-07-24,Oklahoma,HB,Joe Mixon
2558060,73,212,1996-04-02,Ohio State,FS,Malik Hooker
2560816,74,225,1995-01-08,South Carolina,ILB,Skai Moore
2539233,72,210,1991-05-13,Georgia,SS,Shawn Williams
2561155,72,236,1996-07-02,Syracuse,ILB,Zaire Franklin
2558982,72,235,1994-01-05,Illinois,MLB,Hardy Nickerson
2556493,71,228,1992-10-24,Texas A&M,RB,Tra Carson
2533016,72,244,1989-06-04,West Virginia,OLB,Najee Goode
2558127,75,205,1996-03-21,Tennessee,WR,Josh Malone
2556519,72,195,1992-11-06,Wisconsin,WR,Alex Erickson
2354,72,233,1986-07-21,Kentucky,ILB,Wesley Woodyard
71423,6-4,257,07/31/1986,Texas,OLB,Brian Orakpo
2539320,72,214,1991-02-15,Texas,SS,Kenny Vaccaro
2540162,71,195,1991-02-09,Rutgers,CB,Logan Ryan
2550613,71,190,1990-03-02,West Alabama,CB,Malcolm Butler
2555158,71,212,1993-08-17,Middle Tennessee,FS,Kevin Byard
2555320,6-2,242,07/08/1993,UCLA,OLB,Aaron Wallace
2558005,72,226,1995-02-26,UCLA,ILB,Jayon Brown
2558065,71,185,1995-09-18,Southern California,CB,Adoree' Jackson
2649,71,185,1985-11-02,Texas Tech,WR,Danny Amendola
2532956,76,207,1988-07-27,Texas A&M,QB,Ryan Tannehill
2540202,73,202,1992-04-22,Oklahoma,WR,Kenny Stills
2555230,73,211,1994-01-26,Alabama,RB,Kenyan Drake
2556190,67,169,1992-10-30,Texas Tech,WR,Jakeem Grant
2560994,78,252,1995-10-03,Penn State,TE,Mike Gesicki
2495469,68,195,1990-09-27,Pittsburgh,RB,Dion Lewis
2495966,74,248,1984-08-12,Central Missouri State,TE,Delanie Walker
2532903,6-0,217,10/12/1989,Nevada,WR,Rishard Matthews
2552466,76,222,1993-10-30,Oregon,QB,Marcus Mariota
2555317,74,194,1994-12-23,Massachusetts,WR,Tajae Sharpe
2557848,75,209,1995-01-11,Western Michigan,WR,Corey Davis
496739,6-1,215,02/25/1988,Georgia,SS,Reshad Jones
2539309,6-2,215,01/26/1991,USC,SS,T.J. McDonald
2539935,75,239,1990-08-14,Oregon,OLB,Kiko Alonso
2552434,71,192,1993-08-18,Memphis,CB,Bobby McCain
2555539,73,200,1993-07-04,Baylor,CB,Xavien Howard
2558070,74,242,1995-11-17,Ohio State,LB,Raekwon McMillan
2560725,73,207,1996-11-17,Alabama,S,Minkah Fitzpatrick
2555339,75,241,1994-04-27,Boise State,ILB,Kamalei Correa
2561328,76,250,1995-10-01,Temple,OLB,Sharif Finch
2552580,6-5,240,09/20/1991,Arkansas,TE,A.J. Derby
2550272,69,195,1992-07-12,Georgia State,WR,Albert Wilson
496828,6-4,261,01/06/1989,Georgia Tech,OLB,Derrick Morgan
2541539,71,225,1990-11-27,Auburn,ILB,Daren Bates
2555551,72,203,1993-09-18,Southern Utah,CB,LeShaun Sims
2506404,69,212,1983-05-14,Miami,RB,Frank Gore
2540013,73,235,1989-09-19,Nebraska,ILB,Will Compton
2560880,78,260,1995-08-09,Notre Dame,TE,Durham Smythe
2556075,75,247,1994-01-04,Alabama,RB,Derrick Henry
2558207,75,248,1995-08-22,Florida International,TE,Jonnu Smith
2495441,77,235,1989-10-15,Missouri,QB,Blaine Gabbert
2557870,71,205,1995-03-02,Western Kentucky,WR,Taywan Taylor
2495234,77,253,1988-07-17,Tennessee,TE,Luke Stocker
2560966,74,225,1996-12-25,Ohio State,LB,Jerome Baker
2559043,75,246,1993-08-29,Southern Illinois,OLB,Chase Allen
2553896,70,180,1992-06-28,Virginia,WR,Darius Jennings
2559053,71,188,1995-04-10,Nevada-Las Vegas,CB,Torry McTyer
496735,70,185,1988-04-10,Alabama,CB,Kareem Jackson
2495872,71,185,1984-04-16,South Carolina,CB,Johnathan Joseph
2533049,76,258,1990-07-21,Illinois,OLB,Whitney Mercilus
2540180,69,190,1992-05-13,Louisiana State,FS,Tyrann Mathieu
2543501,72,191,1991-10-02,Oklahoma,CB,Aaron Colvin
2552261,72,185,1992-08-05,Wake Forest,CB,Kevin Johnson
2558094,75,238,1994-12-02,Vanderbilt,ILB,Zach Cunningham
2560851,73,204,1997-02-15,Stanford,SS,Justin Reid
497240,78,265,1989-05-14,Arizona,TE,Rob Gronkowski
2504211,76,225,1977-08-03,Michigan,QB,Tom Brady
2530515,73,210,1987-10-24,"Monmouth, N.J.",WR,Chris Hogan
2539265,70,215,1990-07-02,Nebraska,RB,Rex Burkhead
2543773,70,205,1992-02-03,Wisconsin,RB,James White
2552424,70,192,1993-01-05,Miami,WR,Phillip Dorsett
2552490,76,257,1992-11-19,Mississippi State,ILB,Benardrick McKinney
2533046,6-4,260,02/24/1990,Clemson,TE,Dwayne Allen
2533034,70,221,1991-04-25,Miami,RB,Lamar Miller
2540165,73,212,1992-06-06,Clemson,WR,DeAndre Hopkins
2543646,5-9,200,08/22/1991,South Carolina,WR,Bruce Ellington
2558063,74,221,1995-09-14,Clemson,QB,Deshaun Watson
2560896,77,277,1996-08-02,Mississippi State,TE,Jordan Thomas
2561427,75,202,1996-06-09,Limestone,WR,Vyncint Smith
71251,71,215,1987-08-19,Oregon,SS,Patrick Chung
494287,70,195,1987-08-13,Rutgers,FS,Devin McCourty
2533057,75,260,1990-03-12,Alabama,MLB,Dont'a Hightower
2533062,73,202,1990-09-19,South Carolina,CB,Stephon Gilmore
2552255,73,205,1992-10-03,Utah,CB,Eric Rowe
2556119,72,238,1994-04-22,Houston,MLB,Elandon Roberts
2556571,70,190,1993-09-20,Auburn,CB,Jonathan Jones
2560951,76,243,1992-04-19,Central Florida,TE,Jordan Akins
2541243,73,205,1991-01-24,Rutgers,FS,Duron Harmon
2543699,75,250,1991-03-26,Brigham Young,OLB,Kyle Van Noy
2541316,78,255,1990-01-11,Connecticut,TE,Ryan Griffin
2561143,74,255,1996-08-24,Purdue,LB,Ja'Whaun Bentley
2559211,5-9,198,06/16/1993,Iowa,WR,Riley McCarron
2508101,75,255,1988-07-23,Brown,FB,James Develin
2543603,73,230,1992-10-20,LSU,RB,Jeremy Hill
2552470,6-1,210,03/31/1993,Auburn,WR,Sammie Coates
2559152,72,237,1994-05-19,Missouri State,ILB,Dylan Cole
2555234,70,185,1993-10-07,San Jose State,RB,Tyler Ervin
2540145,74,238,1991-03-17,Tennessee,WR,Cordarrelle Patterson
2543600,6-2,225,04/27/1991,LSU,RB,Alfred Blue
89756,71,195,1987-08-13,Rutgers,CB,Jason McCourty
2506581,74,228,1982-11-24,Harvard,QB,Ryan Fitzpatrick
2543468,77,231,1993-08-21,Texas A&M,WR,Mike Evans
2550656,77,245,1991-07-03,Harvard,TE,Cameron Brate
2556466,71,225,1994-02-27,Auburn,RB,Peyton Barber
2557856,78,250,1994-11-18,Alabama,TE,O.J. Howard
2558105,73,209,1996-02-27,Penn State,WR,Chris Godwin
494261,71,208,1988-04-01,Ohio State,SS,Kurt Coleman
2533008,74,248,1989-01-11,Arkansas State,ILB,Demario Davis
2555530,71,205,1994-12-12,Ohio State,FS,Vonn Bell
2556735,73,180,1993-02-08,Colorado,CB,Ken Crawley
2558061,72,192,1996-05-20,Ohio State,CB,Marshon Lattimore
2558163,75,240,1994-09-22,Florida,OLB,Alex Anzalone
2558847,73,195,1996-09-08,Utah,FS,Marcus Williams
2495471,5-6,205,02/06/1990,Oregon State,RB,Jacquizz Rodgers
2553895,71,195,1993-06-24,Clemson,WR,Adam Humphries
2508084,71,191,1987-09-07,Florida State,CB,Patrick Robinson
1581,70,175,1986-12-01,California,WR,DeSean Jackson
2495272,6-2,203,02/23/1989,California,SS,Chris Conte
2532828,73,233,1990-01-23,Nebraska,OLB,Lavonte David
2550565,72,230,1990-09-21,Florida Atlantic,MLB,Adarius Taylor
2552592,73,227,1994-08-03,Louisiana State,MLB,Kwon Alexander
2555299,70,204,1995-06-03,Florida,CB,Vernon Hargreaves III
2557945,72,199,1995-08-26,Texas A&M,SS,Justin Evans
2560884,71,205,1995-09-16,North Carolina,CB,M.J. Stewart
2504775,72,209,1979-01-15,Purdue,QB,Drew Brees
2539303,73,233,1990-04-26,Southern Methodist,FB,Zach Line
2541834,77,250,1990-05-21,Idaho State,TE,Josh Hill
2556370,75,212,1993-03-03,Ohio State,WR,Michael Thomas
2558019,70,215,1995-07-25,Tennessee,RB,Alvin Kamara
2560878,74,210,1996-01-07,Central Florida,WR,Tre'Quan Smith
2555552,71,190,1993-09-07,North Carolina Central,CB,Ryan Smith
2506122,75,255,1980-12-18,Georgia,TE,Benjamin Watson
2507166,71,180,1985-04-12,Ohio State,WR,Ted Ginn
2558928,73,195,1993-12-25,Northwestern,WR,Austin Carr
2561039,73,206,1996-12-31,Auburn,CB,Carlton Davis
2550223,6-0,195,09/07/1991,North Greenville,WR,Freddie Martino
2556508,6-1,235,07/02/1993,Memphis,TE,Alan Cross
2559044,78,256,1993-05-28,"Laval, Can.",TE,Antony Auclair
2539277,73,241,1991-01-26,Notre Dame,MLB,Manti Te'o
2539982,73,240,1991-07-30,Iowa State,OLB,A.J. Klein
2556752,67,168,1992-10-24,Northern Illinois,WR,Tommylee Lewis
2539663,5-11,210,11/01/1990,Florida,RB,Mike Gillislee
2555227,72,217,1994-02-02,Arkansas,RB,Jonathan Williams
2495211,6-1,242,08/09/1989,Nebraska,TE,Niles Paul
2543477,77,236,1992-04-28,Central Florida,QB,Blake Bortles
2543683,6-5,262,09/29/1992,Washington,TE,Austin Seferian-Jenkins
2553318,76,245,1992-01-14,Illinois State,TE,James O'Shaughnessy
2557973,72,228,1995-01-18,Louisiana State,RB,Leonard Fournette
2561018,76,198,1996-09-23,Louisiana State,WR,D.J. Chark
71197,6-4,255,10/15/1986,Cincinnati,OLB,Connor Barwin
2532875,70,190,1988-10-29,North Alabama,CB,Janoris Jenkins
2540143,75,250,1991-09-25,Georgia,LB,Alec Ogletree
2543738,78,262,1992-02-19,North Carolina,OLB,Kareem Martin
2552454,72,218,1994-01-10,Alabama,SS,Landon Collins
2555277,73,203,1995-08-09,Ohio State,CB,Eli Apple
2555522,73,242,1993-05-29,Clemson,ILB,B.J. Goodson
2543614,74,215,1993-08-06,Mississippi,WR,Donte Moncrief
2552471,73,223,1993-10-02,Alabama,RB,T.J. Yeldon
2557895,72,176,1993-11-21,Oklahoma,WR,Dede Westbrook
2559153,73,194,1993-04-20,Kentucky Wesleyan,WR,Keelan Cole
2539338,71,190,1990-05-03,William & Mary,CB,B.W. Webb
2541792,75,220,1991-03-05,Miami,OLB,Ray-Ray Armstrong
2553822,72,190,1992-07-18,Fresno State,FS,Curtis Riley
2561015,77,250,1995-12-10,Georgia,OLB,Lorenzo Carter
2535687,71,195,1990-03-17,Stanford,SS,Michael Thomas
494259,6-2,218,02/11/1988,Toledo,SS,Barry Church
2532848,73,212,1990-08-07,Wyoming,FS,Tashaun Gipson
2539237,71,190,1990-06-27,Houston,CB,D.J. Hayden
2539662,75,249,1990-08-26,Florida,DE,Lerentee McCray
2541162,72,191,1991-08-16,Central Florida,CB,A.J. Bouye
2543711,6-3,215,04/11/1991,Florida State,OLB,Telvin Smith
2555280,73,208,1994-10-24,Florida State,CB,Jalen Ramsey
2555329,73,244,1995-09-03,UCLA,OLB,Myles Jack
2505996,6-5,218,01/03/1981,Mississippi,QB,Eli Manning
2543496,71,198,1992-11-05,Louisiana State,WR,Odell Beckham Jr.
2543590,75,222,1992-10-10,Indiana,WR,Cody Latimer
2555295,70,201,1993-02-10,Oklahoma,WR,Sterling Shepard
2557858,75,240,1994-09-02,Mississippi,TE,Evan Engram
2557952,72,210,1994-10-01,Clemson,RB,Wayne Gallman
2532835,6-5,255,10/03/1988,USC,TE,Rhett Ellison
2540225,6-1,246,09/10/1990,Wake Forest,FB,Tommy Bohanon
2560968,72,233,1997-02-09,Penn State,RB,Saquon Barkley
2560758,74,245,1995-10-03,Wisconsin,LB,Leon Jacobs
2550599,77,255,1992-04-13,Assumption,TE,Scott Simonson
2561008,75,214,1997-04-18,Alabama,DB,Ronnie Harrison
949,5-10,245,03/21/1987,Oregon,RB,Jonathan Stewart
2559254,6-1,240,08/21/1993,San Jose State,FB,Shane Smith
2553650,5-11,203,12/19/1991,Auburn,RB,Corey Grant
2556711,74,210,1994-02-09,Michigan,SS,Jarrod Wilson
2506340,76,213,1984-05-07,Utah,QB,Alex Smith
2540011,68,195,1990-10-20,Florida State,RB,Chris Thompson
2540160,74,242,1990-07-03,Florida,TE,Jordan Reed
2543491,72,180,1992-04-13,Colorado,WR,Paul Richardson
2552415,69,177,1993-06-17,Duke,WR,Jamison Crowder
2555343,74,205,1992-12-03,Texas Christian,WR,Josh Doctson
2495504,73,203,1990-07-11,Louisiana State,CB,Patrick Peterson
2495807,71,201,1984-07-27,Howard,FS,Antoine Bethea
2539932,71,192,1990-09-29,Boise State,CB,Jamar Taylor
2543769,73,211,1992-08-30,Washington State,ILB,Deone Bucannon
2543830,73,205,1992-06-25,North Carolina,FS,Tre Boston
2557887,73,235,1994-09-22,Temple,ILB,Haason Reddick
2558009,70,195,1996-01-10,Washington,FS,Budda Baker
2507164,73,220,1985-03-21,Oklahoma,RB,Adrian Peterson
2530491,73,235,1989-08-24,Auburn,ILB,Josh Bynes
2495826,6-3,248,01/31/1984,Maryland,TE,Vernon Davis
2495190,76,265,1988-08-16,Purdue,OLB,Ryan Kerrigan
2495281,6-1,250,03/01/1989,Washington,ILB,Mason Foster
2532804,6-1,250,10/23/1989,North Carolina,ILB,Zach Brown
2532920,72,200,1987-12-15,Coastal Carolina,CB,Josh Norman
2539943,70,205,1991-09-01,South Carolina,FS,D.J. Swearinger
2552276,77,265,1992-11-17,Mississippi State,OLB,Preston Smith
2553796,74,202,1992-07-22,Florida,CB,Quinton Dunbar
2558133,6-2,212,12/04/1995,Michigan State,FS,Montae Nicholson
2558136,72,204,1994-04-09,UCLA,CB,Fabian Moreau
497095,6-4,224,11/08/1987,Oklahoma,QB,Sam Bradford
2506106,75,218,1983-08-31,Pittsburgh,WR,Larry Fitzgerald
2553435,73,224,1991-12-16,Northern Iowa,RB,David Johnson
2558208,74,204,1994-10-19,Grambling,WR,Chad Williams
2559248,77,243,1995-03-15,Texas A&M,TE,Ricky Seals-Jones
2560781,71,200,1996-11-18,Texas A&M,WR,Christian Kirk
2557880,76,245,1994-02-20,Louisville,ILB,Josh Harvey-Clemons
2557886,77,255,1994-08-10,Arkansas,TE,Jeremy Sprinkle
2560711,69,210,1996-04-13,Fordham,RB,Chase Edmonds
2556414,6-0,229,10/03/1992,Tulane,RB,Rob Kelley
2495201,75,265,1988-12-17,Mississippi State,OLB,Pernell McPhee
2557853,74,253,1994-08-12,Alabama,OLB,Ryan Anderson
2553658,6-5,255,03/29/1991,Purdue,TE,Gabe Holmes
2553687,6-2,238,03/28/1991,Utah State,MLB,Zach Vigil
2560886,72,181,1996-03-08,Virginia Tech,DB,Greg Stroman
2558174,72,204,1994-11-01,Auburn,S,Rudy Ford
2534436,6-0,204,02/14/1989,Florida,WR,Deonte Thompson
2539336,68,185,1990-03-15,West Virginia,WR,Tavon Austin
2553454,76,260,1993-09-16,Texas,TE,Geoff Swaim
2553743,75,236,1992-01-10,Ohio State,RB,Rod Smith
2555224,72,228,1995-07-22,Ohio State,RB,Ezekiel Elliott
2555260,74,238,1993-07-29,Mississippi State,QB,Dak Prescott
80668,5-9,195,04/10/1988,South Carolina,CB,Captain Munnerlyn
2495339,5-11,205,11/16/1988,North Carolina,SS,Da'Norris Searcy
2505708,5-11,205,03/24/1981,Delaware,FS,Mike Adams
2533056,6-3,238,04/20/1991,Boston College,MLB,Luke Kuechly
2552447,72,230,1994-04-21,Washington,OLB,Shaq Thompson
2555175,73,212,1993-08-04,Samford,CB,James Bradberry
2560753,70,180,1995-11-08,Louisiana State,CB,Donte Jackson
496937,74,245,1986-07-22,Penn State,ILB,Sean Lee
2541832,73,212,1991-05-14,Saginaw Valley State,SS,Jeff Heath
2552568,72,205,1992-09-26,Connecticut,CB,Byron Jones
2555531,71,196,1993-12-15,Purdue,CB,Anthony Brown
2555536,72,220,1994-08-11,Central Michigan,SS,Kavon Frazier
2557840,72,202,1995-05-24,Colorado,CB,Chidobe Awuzie
2560908,76,256,1996-02-08,Boise State,LB,Leighton Vander Esch
2495455,77,245,1989-05-11,Auburn,QB,Cam Newton
2495459,6-0,205,01/26/1989,Maryland,WR,Torrey Smith
2532978,70,191,1989-11-25,Arkansas,WR,Jarius Wright
2552458,76,225,1994-05-21,Michigan,WR,Devin Funchess
2557997,71,205,1996-06-07,Stanford,RB,Christian McCaffrey
2560894,75,260,1996-06-06,Indiana,TE,Ian Thomas
2535698,68,174,1989-04-26,Southern Methodist,WR,Cole Beasley
2550353,75,195,1991-11-12,Miami,WR,Allen Hurns
2560735,73,200,1996-03-04,Colorado State,WR,Michael Gallup
2559193,77,260,1994-07-16,Oklahoma State,TE,Blake Jarwin
2552686,72,243,1993-05-28,Minnesota,OLB,Damien Wilson
2555310,74,245,1995-06-14,Notre Dame,MLB,Jaylon Smith
2552622,78,255,1992-04-10,Canisius,TE,Chris Manhertz
2558833,74,255,1994-05-17,West Georgia,RB,Alex Armah
2560813,71,215,1997-04-14,Maryland,WR,D.J. Moore
2550262,73,232,1991-05-06,South Carolina State,ILB,Joe Thomas
2539205,6-2,210,09/18/1989,Baylor,WR,Terrance Williams
2553441,74,240,1993-08-08,Texas State,MLB,David Mayo
2495700,77,255,1985-03-11,Miami,TE,Greg Olsen
2553815,72,222,1993-07-05,Akron,OLB,Justin March
2540269,5-8,225,02/10/1991,California,RB,C.J. Anderson
2499257,72,205,1987-10-27,Texas Christian,FS,Colin Jones
2560866,77,242,1996-07-11,Stanford,TE,Dalton Schultz
2536044,73,242,1989-04-17,North Texas,FB,Jamize Olawale
2495108,72,204,1989-06-06,Nebraska,CB,Prince Amukamara
2532961,72,239,1990-03-24,Kentucky,ILB,Danny Trevathan
2543681,71,194,1992-02-16,Virginia Tech,CB,Kyle Fuller
2552385,72,214,1993-04-29,Penn State,FS,Adrian Amos
2553500,69,188,1991-10-23,Rice,CB,Bryce Callahan
2555288,74,242,1993-05-26,West Virginia,ILB,Nick Kwiatkoski
2558176,72,202,1993-12-10,Alabama,FS,Eddie Jackson
2495187,75,250,1988-01-30,Wisconsin,TE,Lance Kendricks
2495448,70,192,1990-08-22,Kentucky,WR,Randall Cobb
2506363,74,225,1983-12-02,California,QB,Aaron Rodgers
2543495,73,215,1992-12-24,Fresno State,WR,Davante Adams
2552429,72,216,1993-01-22,Stanford,RB,Ty Montgomery
2556460,75,202,1994-01-18,Illinois,WR,Geronimo Allison
497236,79,265,1986-11-24,Miami,TE,Jimmy Graham
2560907,76,207,1994-10-10,South Florida,WR,Marquez Valdes-Scantling
2555285,77,240,1992-09-08,Georgia,OLB,Leonard Floyd
2558204,72,213,1995-04-03,Brigham Young,RB,Jamaal Williams
2540200,6-4,268,02/18/1991,Michigan State,TE,Dion Sims
2543509,74,220,1993-08-24,Penn State,WR,Allen Robinson
2550284,74,238,1991-10-29,Florida,TE,Trey Burton
2550617,67,168,1991-02-17,Abilene Christian,WR,Taylor Gabriel
2555418,72,224,1994-11-02,Indiana,RB,Jordan Howard
2558008,74,215,1994-08-20,North Carolina,QB,Mitchell Trubisky
80431,75,255,1986-05-14,Southern California,OLB,Clay Matthews
2506789,71,191,1983-03-16,Louisiana Tech,CB,Tramon Williams
2543470,73,211,1992-12-21,Alabama,FS,Ha Ha Clinton-Dix
2552697,5-11,195,03/12/1993,Auburn,FS,Jermaine Whitehead
2555161,74,237,1994-01-09,Stanford,ILB,Blake Martinez
2556480,71,200,1994-08-11,Louisiana Tech,SS,Kentrell Brice
2556537,76,260,1993-04-01,Arizona,LB,Reggie Gilbert
2557996,75,200,1995-05-05,Washington,CB,Kevin King
2560755,72,196,1996-04-03,Iowa,CB,Josh Jackson
2560810,71,199,1994-10-09,Memphis,WR,Anthony Miller
2533048,6-3,265,04/12/1990,USC,OLB,Nick Perry
2560952,70,196,1997-02-09,Louisville,CB,Jaire Alexander
2558250,66,191,1995-07-26,North Carolina A&T,RB,Tarik Cohen
2557983,76,235,1996-01-03,Notre Dame,QB,DeShone Kizer
2560877,72,230,1997-04-08,Georgia,LB,Roquan Smith
494289,71,203,1987-12-19,Northwestern,CB,Sherrick McManis
2556478,75,247,1994-02-07,Harvard,TE,Ben Braunecker
2555160,6-1,241,12/06/1994,Florida,ILB,Antonio Morrison
2553432,75,216,1992-06-25,West Virginia,WR,Kevin White
2552636,72,240,1992-02-01,Rutgers,FB,Michael Burton
2555340,77,245,1991-11-25,Utah State,OLB,Kyler Fackrell
2552489,75,318,1994-01-06,Florida State,NT,Eddie Goldman
2495101,75,259,1988-09-06,Texas,OLB,Sam Acho
2541202,6-2,197,02/01/1990,Rutgers,CB,Marcus Cooper
2495888,78,267,1984-05-19,UCLA,TE,Marcedes Lewis
2495343,69,185,1989-04-26,Chattanooga,CB,Buster Skrine
2532877,74,213,1990-01-01,Montana,CB,Trumaine Johnson
2533059,71,192,1990-02-07,Louisiana State,CB,Morris Claiborne
2543597,73,246,1992-03-09,Kentucky,ILB,Avery Williamson
2555256,75,259,1994-07-01,Georgia,OLB,Jordan Jenkins
2555322,73,232,1994-10-18,Ohio State,ILB,Darron Lee
2556617,72,210,1993-09-25,Appalachian State,S,Doug Middleton
2557979,73,213,1995-10-17,Louisiana State,SS,Jamal Adams
79860,75,220,1988-02-07,Georgia,QB,Matthew Stafford
497326,71,197,1988-08-02,Notre Dame,WR,Golden Tate
2532884,74,198,1990-03-12,California,WR,Marvin Jones
2558049,77,265,1994-05-07,Toledo,TE,Michael Roberts
2558052,76,213,1993-11-03,Northern Illinois,WR,Kenny Golladay
2560765,71,212,1997-06-30,Auburn,RB,Kerryon Johnson
2540020,69,201,1991-05-04,Notre Dame,RB,Theo Riddick
2541199,77,254,1990-01-15,Rice,TE,Luke Willson
2540203,80,268,1991-07-30,Stanford,TE,Levine Toilolo
2561366,75,235,1996-09-19,Washington State,LB,Frankie Luvu
2543836,6-0,190,07/19/1992,Notre Dame,WR,T.J. Jones
2553353,72,182,1990-11-26,Marshall,CB,Darryl Roberts
2556453,6-3,250,11/23/1992,Monmouth (N.J.),TE,Hakeem Valles
2540219,72,212,1991-02-14,Georgia Southern,FS,J.J. Wilcox
2552486,77,302,1994-06-20,Southern California,DE,Leonard Williams
2543828,74,225,1992-05-31,Nebraska,WR,Quincy Enunwa
2550189,71,225,1993-01-08,Alabama State,RB,Isaiah Crowell
2553451,6-4,257,01/14/1992,"Monmouth, N.J.",TE,Neal Sterling
2553744,78,263,1992-04-22,Texas-El Paso,TE,Eric Tomlinson
2556462,75,190,1993-05-09,Temple,WR,Robby Anderson
2561036,75,225,1997-06-05,Southern California,QB,Sam Darnold
71441,6-0,207,01/15/1986,New Mexico,FS,Glover Quin
2534830,72,208,1990-03-19,Illinois,SS,Tavon Wilson
2540288,72,190,1991-01-01,Mississippi State,CB,Darius Slay
2543869,75,256,1991-06-24,Southern California,OLB,Devon Kennard
2543872,69,190,1991-04-23,Utah State,CB,Nevin Lawson
2550572,75,250,1991-02-18,Florida State,ILB,Christian Jones
2552262,69,197,1993-01-22,Texas,SS,Quandre Diggs
2557924,72,233,1995-01-31,Tennessee,OLB,Jalen Reeves-Maybin
2531332,6-4,228,06/20/1989,Ohio State,WR,Terrelle Pryor
2558821,70,190,1995-04-03,San Diego,CB,Jamal Agnew
2557855,73,245,1994-11-16,Florida,MLB,Jarrad Davis
2560738,76,252,1996-02-23,Miami,TE,Chris Herndon
2552494,6-3,243,01/20/1994,Virginia,DE,Eli Harold
497149,6-0,247,12/05/1986,Oregon,RB,LeGarrette Blount
2495328,70,204,1988-10-27,Louisville,RB,Bilal Powell
2560822,70,180,1994-10-11,Tulane,CB,Parry Nickerson
2495262,73,250,1989-05-12,Central Michigan,FB,Nick Bellore
2553657,74,234,1993-04-06,Marshall,OLB,Neville Hewitt
2506562,6-4,225,05/17/1982,USC,QB,Matt Cassel
2549896,6-2,250,02/16/1992,Arizona,OLB,Marquis Flowers
2553725,5-10,205,12/14/1992,Texas Tech,WR,Bradley Marquez
497320,71,195,1988-01-09,Citadel,WR,Andre Roberts
2555477,6-2,209,10/16/1992,Clemson,WR,Charone Peake
2557885,77,258,1995-01-31,Clemson,TE,Jordan Leggett
2561137,71,185,1994-07-23,Virginia State,RB,Trenton Cannon
2557955,72,191,12/31/1995,Florida,CB,Teez Tabor
1302,73,209,1986-02-13,Kansas,CB,Aqib Talib
2540197,68,178,1992-01-17,Southern California,CB,Nickell Robey-Coleman
2543492,68,185,1990-11-27,Florida State,FS,Lamarcus Joyner
2552488,72,197,1993-01-09,Washington,CB,Marcus Peters
2556277,71,207,1994-10-27,Midwestern State,SS,Marqui Christian
2556593,75,228,1993-11-18,Washington,ILB,Cory Littleton
2558183,72,209,1995-12-19,Boston College,SS,John Johnson
2558830,75,245,1995-05-09,Eastern Washington,OLB,Samson Ebukam
1032,6-3,217,05/31/1985,Kansas State,WR,Jordy Nelson
71265,77,254,1987-04-07,South Carolina,TE,Jared Cook
2495663,71,215,1986-04-22,California,RB,Marshawn Lynch
2543499,75,210,1991-03-28,Fresno State,QB,Derek Carr
2550597,74,195,1991-02-22,West Alabama,WR,Seth Roberts
2552487,73,211,1994-06-17,Alabama,WR,Amari Cooper
2540169,72,193,1992-04-10,Southern California,WR,Robert Woods
2543498,70,183,1993-09-25,Oregon State,WR,Brandin Cooks
2552475,73,224,1994-08-03,Georgia,RB,Todd Gurley
2555334,76,223,1994-10-14,California,QB,Jared Goff
2555364,78,257,1993-01-01,Western Kentucky,TE,Tyler Higbee
2557898,74,208,1993-06-15,Eastern Washington,WR,Cooper Kupp
2495153,5-10,200,12/08/1988,Clemson,FS,Marcus Gilchrist
2495617,5-11,195,12/09/1984,Michigan,CB,Leon Hall
2506353,6-3,245,11/22/1982,Texas,ILB,Derrick Johnson
2507167,5-11,210,09/21/1983,Florida,FS,Reggie Nelson
2532986,73,241,1990-04-02,Temple,OLB,Tahir Whitehead
2541200,74,194,1989-10-02,Northern Illinois,CB,Rashaan Melvin
2558062,72,190,1995-06-29,Ohio State,CB,Gareon Conley
2543487,6-2,263,04/28/1992,Florida,OLB,Dominique Easley
2552320,6-2,237,08/19/1992,Georgia,ILB,Ramik Wilson
2534241,75,240,1990-07-25,Beloit,TE,Derek Carrier
2556885,68,207,1993-10-15,Southern Mississippi,RB,Jalen Richard
2553722,6-3,265,09/21/1991,Northwest Missouri State,OLB,Matt Longacre
2532899,5-9,210,01/13/1989,Boise State,RB,Doug Martin
306,74,205,1986-04-07,Tennessee State,CB,Dominique Rodgers-Cromartie
2557889,75,240,1994-06-25,South Alabama,TE,Gerald Everett
2558194,75,196,1995-02-16,Texas A&M,WR,Josh Reynolds
2557972,75,235,1995-10-21,Wake Forest,MLB,Marquel Lee
2552382,71,222,1993-05-15,Texas,RB,Malcolm Brown
2555294,76,260,1992-03-20,Michigan State,LB,Shilique Calhoun
2558875,76,232,1994-11-23,Oregon,TE,Johnny Mundt
2536032,6-4,245,06/08/1989,Kansas State,OLB,Emmanuel Lamur
2555342,70,200,1993-09-08,West Virginia,SS,Karl Joseph
2550400,72,240,1992-04-08,San Jose State,FB,Keith Smith
2556817,70,185,1993-05-03,North Carolina A&T,CB,Tony McRae
2560745,77,265,1995-06-29,Ohio State,DE,Sam Hubbard
2552392,71,210,1993-01-21,Stanford,SS,Jordan Richards
2559924,69,195,1995-09-11,Southern Mississippi,RB,Ito Smith
2561009,74,235,1993-12-16,Mississippi,DE,Marquis Haynes
2560775,73,200,1995-01-23,Tennessee,DB,Rashaan Gaulden
2539219,73,190,1989-12-05,Connecticut,CB,Blidi Wreh-Wilson
2558171,70,185,1994-10-09,Miami,CB,Corn Elder
2534741,5-10,205,02/12/1989,West Virginia,FS,Keith Tandy
2495288,77,255,1988-08-03,Nevada,TE,Virgil Green
2506121,77,228,1981-12-08,North Carolina State,QB,Philip Rivers
2552469,73,215,1993-04-13,Wisconsin,RB,Melvin Gordon
2555220,74,234,1992-11-07,Wisconsin,FB,Derek Watt
2558846,76,218,1994-10-04,Clemson,WR,Mike Williams
2559161,77,255,1993-06-11,Missouri,TE,Sean Culkin
79901,5-11,207,05/27/1988,Illinois,CB,Vontae Davis
2505299,6-4,255,06/18/1980,Kent State,TE,Antonio Gates
2540154,74,211,1992-04-27,California,WR,Keenan Allen
2553913,76,205,1992-02-12,Western Oregon,WR,Tyrell Williams
2532861,71,192,1989-09-09,Vanderbilt,CB,Casey Hayward
2541958,70,195,1990-01-24,Central Michigan,SS,Jahleel Addae
2552310,71,240,1992-12-05,Miami,ILB,Denzel Perryman
2556828,71,191,1993-09-15,Penn State,CB,Trevor Williams
2557927,70,201,1994-12-14,Iowa,CB,Desmond King
2560760,74,215,1996-08-03,Florida State,SS,Derwin James
2560928,74,216,1996-03-24,West Virginia,LB,Kyzir White
2559169,70,200,1995-05-17,"Western State, Colo.",RB,Austin Ekeler
2550842,71,210,1992-03-28,Texas,SS,Adrian Phillips
2556148,71,221,1994-02-18,Akron,OLB,Jatavis Brown
2560826,74,251,1996-12-28,Southern California,LB,Uchenna Nwosu
2558182,74,220,1994-01-25,Miami,SS,Rayshawn Jenkins
2552296,75,250,1991-08-16,North Dakota State,OLB,Kyle Emanuel
2530763,73,234,1989-04-30,South Carolina,FB,Patrick DiMarco
2507644,5-11,232,08/10/1987,North Dakota State,OLB,Ramon Humber
2556652,71,195,1992-09-24,Pittsburgh,CB,Lafayette Pitts
2552654,75,211,1992-01-10,Connecticut,WR,Geremy Davis
2561358,5-10,174,12/06/1992,West Georgia,WR,J.J. Jones
2561382,5-10,210,03/06/1994,Western Carolina,RB,Detrez Newsome
2560818,72,205,1994-08-04,Jacksonville State,DB,Siran Neal
2495438,78,265,1989-11-09,Notre Dame,TE,Kyle Rudolph
2532820,75,202,1988-08-19,Michigan State,QB,Kirk Cousins
2541161,75,230,1990-01-18,Central Florida,RB,Latavius Murray
2541785,74,200,1990-08-22,Minn. State-Mankato,WR,Adam Thielen
2555306,76,265,1993-05-19,Texas-San Antonio,TE,David Morgan
2561027,75,254,1995-07-30,Central Michigan,TE,Tyler Conklin
2552608,72,191,1993-11-29,Maryland,WR,Stefon Diggs
2555214,74,215,1995-06-14,Mississippi,WR,Laquon Treadwell
2534567,6-2,235,12/09/1988,Idaho,MLB,Korey Toomer
2525323,73,210,1987-09-09,Rice,SS,Andrew Sendejo
2532948,74,214,1989-02-02,Notre Dame,FS,Harrison Smith
2540155,73,218,1990-06-19,Florida State,CB,Xavier Rhodes
2543459,77,255,1992-03-18,UCLA,OLB,Anthony Barr
2552312,72,232,1992-02-29,UCLA,MLB,Eric Kendricks
2552448,72,190,1992-07-25,Michigan State,CB,Trae Waynes
2555177,70,192,1993-11-12,Clemson,CB,Mackensie Alexander
2557991,70,210,1995-08-10,Florida State,RB,Dalvin Cook
2556803,71,235,1993-07-22,"Augustana, S.D.",FB,C.J. Ham
2495170,6-0,195,07/10/1989,New Mexico State,CB,Davon House
2558033,74,244,1994-10-16,Michigan,OLB,Ben Gedeon
2555156,76,215,1994-02-11,Clemson,SS,Jayron Kearse
2557896,6-0,195,05/13/1994,Miami (Fla.),WR,Stacy Coley
2560746,70,191,1997-02-11,Central Florida,CB,Mike Hughes
2560243,74,215,1993-03-25,"Concordia, Minn",WR,Brandon Zylstra
2556489,72,230,1994-03-09,Louisville,OLB,James Burgess
2533047,6-3,257,01/27/1991,Georgia,TE,Orson Charles
2552484,72,196,1993-06-01,Florida State,CB,P.J. Williams
2532887,73,209,1990-02-06,Washington,WR,Jermaine Kearse
2540258,77,260,1989-10-05,Cincinnati,TE,Travis Kelce
2543457,73,211,1993-06-14,Clemson,WR,Sammy Watkins
2552652,75,205,1992-10-25,Georgia,WR,Chris Conley
2556214,70,185,1994-03-01,West Alabama,WR,Tyreek Hill
2557917,71,216,1995-08-06,Toledo,RB,Kareem Hunt
2558125,75,230,1995-09-17,Texas Tech,QB,Patrick Mahomes
2532946,71,187,1988-11-15,Clemson,CB,Coty Sensabaugh
2307,5-10,196,02/10/1987,Boise State,CB,Orlando Scandrick
2495493,75,270,1989-01-21,Georgia,DE,Justin Houston
2530794,6-0,206,08/17/1987,Newberry,FS,Ron Parker
2543592,72,235,1992-06-10,Iowa,MLB,Anthony Hitchens
2552265,71,194,1993-01-22,Oregon State,CB,Steven Nelson
2555169,74,252,1993-09-23,Alabama,ILB,Reggie Ragland
2555173,71,199,1994-01-07,Minnesota,FS,Eric Murray
2555349,71,198,1995-02-13,Virginia Tech,CB,Kendall Fuller
2560881,75,285,1995-12-18,Mississippi,LB,Breeland Speaks
2560921,71,205,1996-03-19,Texas A&M,DB,Armani Watts
2540215,76,267,1990-06-13,Rice,TE,Vance McDonald
2556775,6-2,235,05/03/1993,Florida State,ILB,Terrance Smith
2495340,70,242,1988-12-11,Connecticut,FB,Anthony Sherman
2541187,79,230,1991-07-29,Wisconsin-Milwaukee,TE,Demetrius Harris
2561103,71,190,1996-07-20,Central Arkansas,WR,Tremon Smith
2558185,79,289,1994-06-14,Villanova,DE,Tanoh Kpassagnon
80427,6-2,210,02/26/1987,Maryland,WR,Darrius Heyward-Bey
2540204,70,229,1991-11-23,LSU,RB,Spencer Ware
2550512,71,224,1992-04-03,Oklahoma,RB,Damien Williams
2555478,73,203,1994-09-21,Florida,WR,Demarcus Robinson
2543638,68,176,1993-01-05,Oregon,WR,De'Anthony Thomas
2495470,5-11,220,01/27/1989,LSU,RB,Stevan Ridley
2560827,73,220,1994-09-04,Clemson,LB,Dorian O'Daniel
2530660,6-2,216,05/30/1989,Central Florida,WR,Kamar Aiken
2532800,74,241,1989-09-04,Florida State,OLB,Nigel Bradham
2556444,75,223,1993-08-05,Washington,TE,Josh Perkins
2556934,71,185,1993-07-18,Florida State,CB,Javien Elliott
2560930,70,198,1997-03-18,Pittsburgh,DB,Jordan Whitehead
2550605,5-11,196,03/24/1991,North Dakota State,CB,Marcus Williams
2561291,69,185,1995-12-02,Duke,RB,Shaun Wilson
2555346,72,184,1994-04-16,Notre Dame,WR,Will Fuller
2560784,74,250,1996-06-05,Boston College,OLB,Harold Landry
2560714,76,255,1995-04-24,Wake Forest,LB,Duke Ejiofor
2558942,74,246,1995-02-19,Harvard,TE,Anthony Firkser
2556673,76,263,1993-07-31,Stanford,OLB,Brennan Scarlett
1037347,76,231,1986-11-14,Alabama-Birmingham,QB,Joe Webb
2495251,5-11,184,04/08/1987,USC,CB,Shareece Wright
2535693,72,219,1990-07-23,Stanford,CB,Johnson Bademosi
2552730,6-4,240,10/31/1988,Northwestern (Ia),ILB,Brian Peters
2560759,71,200,1995-12-15,Wisconsin,DB,Natrell Jamerson
2560774,75,254,1995-06-26,Stanford,LB,Peter Kalambayi
2561344,73,218,1996-03-27,Florida Atlantic,RB,Buddy Howell
2561538,71,202,1995-12-15,Mississippi,DB,A.J. Moore
4263,74,214,1986-02-17,Toledo,P,Brett Kern
2535701,76,260,1990-01-25,Missouri,LS,Beau Brinkley
2541756,74,225,1989-10-23,Troy,FS,Brynden Trawick
2561033,73,209,1995-04-27,Arizona,DB,Dane Cruikshank
2543811,73,192,1990-09-08,Lindenwood,CB,Pierre Desir
2558123,72,210,1996-03-07,South Florida,RB,Marlon Mack
2550206,6-4,255,01/24/1991,Stanford,TE,Ryan Hewitt
2556855,73,207,1994-08-05,Texas,WR,Marcus Johnson
2557866,74,204,1993-12-20,Michigan,WR,Jehu Chesson
2532933,6-3,215,06/05/1989,Appalachian State,WR,Brian Quick
1037374,5-11,178,12/08/1987,Miami (Fla.),CB,Sam Shields
2539293,6-2,236,01/17/1991,Penn State,ILB,Gerald Hodges
2543855,6-0,195,09/03/1991,San Jose State,CB,Bene' Benwikere
2552656,70,160,1992-04-24,Alabama-Birmingham,WR,J.J. Nelson
2552307,73,237,1992-05-04,Baylor,ILB,Bryce Hager
2553536,71,184,1991-08-29,Oregon,CB,Troy Hill
2556374,70,191,1993-08-08,Auburn,SS,Blake Countess
2553545,73,210,1992-05-16,Georgia Tech,DB,Isaiah Johnson
2346,6-0,211,08/08/1986,Mount Union,WR,Pierre Garcon
2534820,77,252,1988-05-29,Michigan State,TE,Garrett Celek
2543801,74,225,1991-11-02,Eastern Illinois,QB,Jimmy Garoppolo
2558266,76,250,1993-10-09,Iowa,TE,George Kittle
2558918,70,190,1995-02-28,Georgia Southern,RB,Matt Breida
2560836,73,195,1995-10-23,Washington,WR,Dante Pettis
2558202,68,181,1994-04-30,Louisiana Tech,WR,Trent Taylor
2558914,73,203,1995-08-04,Eastern Washington,WR,Kendrick Bourne
2495507,75,195,1988-03-30,Stanford,CB,Richard Sherman
2550654,69,183,1991-07-12,Pittsburgh,CB,K'Waun Williams
2552391,73,215,1992-02-12,Samford,FS,Jaquiski Tartt
2558121,74,229,1996-02-08,Kansas State,LB,Elijah Lee
2558157,75,195,1995-03-21,Colorado,CB,Ahkello Witherspoon
2558857,74,205,1993-10-06,Miami,FS,Adrian Colbert
2560917,75,230,1996-11-19,Brigham Young,LB,Fred Warner
2533457,5-10,222,12/12/1988,Florida Atlantic,RB,Alfred Morris
2560761,69,185,1995-09-05,Middle Tennessee,WR,Richie James
2540230,73,240,1991-04-23,Harvard,FB,Kyle Juszczyk
2552684,75,239,1990-01-19,Wyoming,MLB,Mark Nzeocha
2560913,73,210,1995-02-01,Louisiana-Lafayette,DB,Tracy Walker
2543741,71,193,1991-07-18,Northern Illinois,FS,Jimmie Ward
2556641,76,263,1995-06-17,Notre Dame,DE,Romeo Okwara
2556708,78,257,1993-11-30,Incarnate Word,TE,Cole Wick
2543680,6-0,219,02/27/1991,Virginia Tech,FS,Antone Exum
494307,71,214,1988-08-04,South Carolina,FS,Darian Stewart
2495202,75,250,1989-03-26,Texas A&M,OLB,Von Miller
2530510,70,199,1989-06-18,Kansas,CB,Chris Harris
2532898,6-1,245,09/10/1989,Nevada,ILB,Brandon Marshall
2543505,71,194,1992-05-01,Ohio State,CB,Bradley Roby
2550930,73,230,1992-05-17,Sacramento State,ILB,Todd Davis
2555550,74,202,1993-11-19,Boston College,SS,Justin Simmons
497322,71,180,1987-03-17,Southern Methodist,WR,Emmanuel Sanders
497328,75,225,1987-12-25,Georgia Tech,WR,Demaryius Thomas
2532888,73,215,1988-02-17,Houston,QB,Case Keenum
2552399,77,255,1992-11-24,Ohio State,TE,Jeff Heuerman
2560733,72,238,1996-02-24,Oregon,RB,Royce Freeman
2560888,76,216,1995-10-10,Southern Methodist,WR,Courtland Sutton
2555568,74,220,1990-04-02,"California, Pa.",SS,Erik Harris
2555223,71,219,1992-05-27,Utah,RB,Devontae Booker
2557859,78,250,1995-07-11,Michigan,TE,Jake Butt
2559947,68,190,1994-07-24,Colorado,RB,Phillip Lindsay
2543572,6-4,210,12/20/1991,Clemson,WR,Martavis Bryant
2506345,5-10,185,09/30/1983,West Virginia,CB,Adam Jones
2555432,73,238,1993-05-23,Nebraska,RB,Andy Janovich
2550541,74,250,1992-11-17,Colorado State,OLB,Shaquil Barrett
2560763,73,236,1994-12-25,Iowa,LB,Josey Jewell
2507917,72,188,1988-08-20,Belhaven,CB,Tramaine Brock
2558985,76,212,1993-11-23,Utah,WR,Tim Patrick
2561002,73,206,1995-03-10,Penn State,WR,DaeSean Hamilton
2495347,78,265,1987-11-21,Marshall,TE,Lee Smith
497302,6-3,210,11/04/1986,LSU,WR,Brandon LaFell
2556278,73,194,1994-07-29,Arizona,FS,Will Parks
2532871,75,250,1987-11-01,West Virginia,LB,Bruce Irvin
2552271,6-4,265,06/04/1992,Oklahoma,DE,Geneo Grissom
2558956,76,245,1993-11-18,Wyoming,TE,Jacob Hollister
2550659,5-10,188,01/26/1991,Oklahoma State,CB,Tyler Patmon
2555421,74,246,1995-03-31,Maryland,DE,Yannick Ngakoue
2556454,6-0,220,07/22/1993,South Carolina,RB,Brandon Wilds
2560809,71,215,1995-02-17,Georgia,RB,Sony Michel
2556375,6-6,280,01/07/1994,Baylor,TE,Rico Gathers
2556512,69,159,1994-01-28,Boise State,CB,Donte' Deayon
2557920,70,195,1995-08-31,Michigan,CB,Jourdan Lewis
2541944,72,195,1990-09-17,LSU,WR,Russell Shepard
2552605,71,210,1992-05-13,Northwestern,FS,Ibraheim Campbell
2495893,6-5,232,03/23/1984,Central Florida,WR,Brandon Marshall
2532975,71,215,1988-11-29,Wisconsin,QB,Russell Wilson
2541966,75,204,1990-01-08,Clemson,WR,Jaron Brown
2552430,70,182,1992-09-28,Kansas State,WR,Tyler Lockett
2555289,78,261,1993-03-06,Ohio State,TE,Nick Vannett
2558865,71,222,1994-09-16,Oklahoma State,RB,Chris Carson
2508080,70,202,1989-05-07,Texas,FS,Earl Thomas
2539243,73,215,1990-11-15,Kansas,SS,Bradley McDougald
2553456,73,215,1992-08-29,San Jose State,CB,Akeem King
2553637,71,190,1993-03-27,Tennessee,CB,Justin Coleman
2557881,72,204,1995-01-20,Colorado,FS,Tedric Thompson
2558259,72,198,1995-07-20,Central Florida,CB,Shaquill Griffin
2558925,72,240,1994-01-10,Villanova,LB,Austin Calitro
2560835,71,220,1996-02-02,San Diego State,RB,Rashaad Penny
2561046,76,267,1996-07-08,Washington,TE,Will Dissly
2532890,71,240,1990-09-28,California,OLB,Mychal Kendricks
2540140,77,235,1990-10-04,Louisiana State,OLB,Barkevious Mingo
2552629,75,260,1993-06-14,Michigan,DE,Frank Clark
2556603,6-0,235,08/16/1993,USC,FB,Tre Madden
2558856,72,215,1995-01-15,East Central,WR,David Moore
2555417,73,225,1994-05-20,Notre Dame,RB,C.J. Prosise
2553439,69,221,1993-02-19,South Carolina,RB,Mike Davis
2535964,72,208,1989-05-18,Louisville,WR,Josh Bellamy
2555356,5-10,191,12/13/1993,Navy,WR,Keenan Reynolds
2560800,73,215,1995-04-14,Oklahoma,QB,Baker Mayfield
2560830,72,210,1996-09-30,Colorado,CB,Isaiah Oliver
2553568,6-3,207,09/21/1992,Illinois State,WR,Cameron Meredith
2558954,74,221,1990-08-23,Brigham Young,QB,Taysom Hill
2561061,72,184,1996-01-22,Louisiana State,WR,Russell Gage
2560946,73,190,1996-02-20,Boston College,DB,Isaac Yiadom
496814,74,235,1986-06-04,Marshall,OLB,Albert McClellan
2539937,5-9,205,02/23/1991,Syracuse,SS,Shamarko Thomas
2560915,5-10,200,03/29/1997,Miami (Fla.),HB,Mark Walton
2561093,72,225,1995-01-14,Maryland,LB,Jermaine Carter
2555331,75,205,1994-04-17,Mississippi,WR,Cody Core
2556762,73,234,1993-08-17,Idaho,RB,Elijhaa Penny
2561017,70,205,1996-04-27,Temple,DB,Sean Chandler
2543456,77,255,1993-02-14,South Carolina,DE,Jadeveon Clowney
2495488,77,288,1989-03-22,Wisconsin,DE,J.J. Watt
2560718,74,234,1995-11-08,Alabama,LB,Rashaan Evans
2561340,71,185,1996-03-05,Vanderbilt,CB,Tre Herndon
2552401,74,243,1992-03-24,Southern Illinois,TE,MyCole Pruitt
2556798,73,180,1992-05-16,Youngstown State,CB,Kenneth Durden
2539964,69,185,1990-11-19,Texas,WR,Marquise Goodwin
2499278,72,225,1989-07-05,Southern California,OLB,Malcolm Smith
2557837,73,228,1994-04-04,Alabama,OLB,Reuben Foster
2560850,69,193,1996-11-11,Kansas State,DB,D.J. Reed
2559076,76,210,1995-08-14,Hawaii,WR,Marcus Kemp
2543494,74,252,1991-03-19,Auburn,DE,Dee Ford
2561117,74,200,1996-08-16,Southern Mississippi,DB,Tarvarius Moore
2553728,70,197,1992-04-09,Purdue,RB,Raheem Mostert
2552409,75,216,1993-01-20,Louisville,WR,DeVante Parker
2495159,70,215,1987-09-16,East Carolina,WR,Dwayne Harris
2559054,72,225,1995-07-10,Greenville,ILB,Nicholas Morrow
2553552,76,253,1992-01-16,Bowie State,TE,Khari Lee
2559208,72,195,1994-04-15,Pittsburgh,CB,Ryan Lewis
2560801,69,190,1996-10-15,Clemson,WR,Ray-Ray McCloud
2561099,70,205,1995-06-30,Cincinnati,RB,Mike Boone
2495331,5-10,185,09/24/1988,Southern Methodist,WR,Aldrick Robinson
2559012,73,230,1994-09-26,Cincinnati,OLB,Eric Wilson
2543500,75,215,1992-07-16,Vanderbilt,WR,Jordan Matthews
2555259,77,237,1992-12-30,North Dakota State,QB,Carson Wentz
2560949,74,225,1996-10-29,Notre Dame,RB,Josh Adams
2555261,76,235,1992-12-11,North Carolina State,QB,Jacoby Brissett
2558116,69,208,1994-12-02,Texas-El Paso,RB,Aaron Jones
2553710,72,203,1992-02-22,Texas A&M,SS,Deshazor Everett
2507232,73,207,1984-09-03,Colorado,K,Mason Crosby
2560868,78,208,1995-10-30,Alabama,P,J.K. Scott
2561156,75,240,1994-05-21,Mississippi State,LS,Hunter Bradley
2560764,69,190,1995-11-17,Southern U.,DB,Danny Johnson
2560984,75,233,1995-03-21,Vanderbilt,LB,Oren Burks
2559164,74,196,1995-01-06,Brigham Young,CB,Michael Davis
2541544,5-10,218,07/07/1990,Middle Tennessee State,RB,Benny Cunningham
497238,6-5,260,06/16/1988,Oklahoma,TE,Jermaine Gresham
2534871,6-0,233,10/18/1990,UCLA,FB,Derrick Coleman
2560901,74,199,1995-11-24,Louisiana State,DB,Kevin Toliver
2560858,76,215,1997-02-10,UCLA,QB,Josh Rosen
2532966,72,242,1990-06-27,Utah State,MLB,Bobby Wagner
2560728,75,203,1995-06-02,Oklahoma State,CB,Tre Flowers
2558159,71,202,1995-07-26,Louisiana Tech,FS,Xavier Woods
2560754,73,198,1995-11-17,Maryland,DB,J.C. Jackson
2561157,70,185,1996-04-17,Western Carolina,DB,Keion Crossen
2555380,70,200,1993-11-29,Alabama,CB,Cyrus Jones
2535609,6-2,216,06/28/1989,Portland State,CB,DeShawn Shead
2506861,5-10,185,07/19/1983,Shippensburg,CB,Brent Grimes
2543643,5-11,195,07/06/1991,San Diego State,SS,Nat Berhe
2556567,6-0,209,10/14/1992,South Carolina,S,Isaiah Johnson
2560741,74,196,1997-03-28,Texas,CB,Holton Hill
2530852,74,235,1987-12-07,Ohio State,LS,Jake McQuaide
2535663,77,241,1990-02-08,Oregon State,P,Johnny Hekker
2560782,72,244,1995-01-25,Virginia,LB,Micah Kiser
2561653,74,205,1995-01-03,Prairie View,WR,KhaDarel Hodge
2560898,5-10,198,09/02/1995,Jacksonville State,RB,Roc Thomas
2560770,71,208,1997-08-03,Southern California,RB,Ronald Jones
81284,72,229,1986-10-07,Missouri,QB,Chase Daniel
2552033,76,231,1994-01-06,Florida State,QB,Jameis Winston
2553774,6-0,229,08/04/1993,Syracuse,OLB,Cameron Lynch
2560051,75,215,1996-04-04,Pennsylvania,WR,Justin Watson
2555155,72,200,1993-08-14,Miami,SS,Deon Bush
2555381,72,202,1993-04-13,William & Mary,FS,DeAndre Houston-Carson
2560939,74,221,1994-09-11,Georgia,WR,Javon Wims
2560750,73,226,1995-10-12,Western Kentucky,LB,Joel Iyiegbuniwe
2556588,6-3,255,08/06/1994,South Florida,DE,Eric Lee
2560814,75,205,1995-05-23,Missouri,WR,J'Mon Moore
2560982,72,198,1995-07-13,Alabama,CB,Tony Brown
2495467,72,195,1988-07-26,Eastern Washington,RB,Taiwan Jones
2561029,71,180,1997-01-14,Texas Tech,WR,Keke Coutee
2558832,77,267,1993-09-19,Virginia Commonwealth,TE,Mo Alie-Cox
2556394,71,190,1992-09-15,Georgia Tech,CB,Chris Milton
2557995,72,207,1993-03-09,Florida,FS,Marcus Maye
2541864,75,245,1991-11-07,Columbia,OLB,Josh Martin
744,80,300,1986-09-01,Miami,DE,Calais Campbell
2532873,77,290,1990-01-11,Tennessee,DT,Malik Jackson
2553431,75,255,1994-08-03,Florida,OLB,Dante Fowler Jr.
2543563,72,230,1991-10-07,Boston College,ILB,Kevin Pierre-Louis
2559058,72,194,1995-06-14,Georgia,S,Maurice Smith
2539289,69,195,1989-04-28,Oregon,RB,Kenjon Barner
2543724,73,200,1991-06-19,Liberty,CB,Walt Aikens
2533436,6-7,240,11/22/1990,Arizona State,QB,Brock Osweiler
2556542,6-2,230,07/02/1992,Pittsburgh,LB,Nicholas Grigsby
494277,6-0,205,06/16/1988,Mississippi,FS,Kendrick Lewis
2533039,75,218,1990-02-14,South Carolina,WR,Alshon Jeffery
2540279,5-10,184,11/23/1990,Connecticut,WR,Nick Williams
2560795,69,184,1996-03-31,Pittsburgh,CB,Avonte Maddox
2530747,5-10,192,09/21/1988,Stanford,WR,Doug Baldwin
2558077,73,216,1995-11-26,Michigan,SS,Lano Hill
2543823,70,191,1992-02-23,Missouri,CB,E.J. Gaines
2535869,6-2,195,02/09/1988,Temple,WR,Rod Streater
2557922,74,215,1993-11-16,Iowa,QB,C.J. Beathard
2532790,70,175,1989-12-29,Miami,WR,Travis Benjamin
2558971,74,195,1994-06-25,Iowa,CB,Greg Mabin
2532431,73,234,1988-02-11,North Texas,OLB,Craig Robertson
2561317,6-1,191,04/06/1995,Bethune-Cookman,WR,Jawill Davis
71407,76,235,1986-03-08,Southern Methodist,P,Thomas Morstead
2541192,70,207,1990-02-26,Southern Methodist,SS,Chris Banjo
2556931,75,255,1993-01-10,Southern Methodist,LS,Zach Wood
2557906,75,246,1993-07-02,Wisconsin,LB,Vince Biegel
2559181,73,200,1994-02-07,Illinois,DB,Justin Hardee
2561206,72,202,1996-01-18,Mississippi State,DB,J.T. Gray
2533459,6-2,240,03/14/1988,Penn State,ILB,Nate Stupar
2560815,5-11,203,10/01/1996,Boston College,DB,Kam Moore
2561318,73,224,1996-08-14,Chattanooga,ILB,Tae Davis
2557862,77,300,1993-08-25,Michigan,DE,Chris Wormley
2561468,5-11,214,08/23/1995,Alcorn State,RB,De'Lance Turner
2559007,70,185,07/15/1994,Arizona State,WR,Tim White
2535613,72,232,1990-01-03,Northern Iowa,ILB,L.J. Fort
2553667,78,255,1992-09-21,Illinois,TE,Matt LaCosse
2552451,6-3,255,05/18/1993,Missouri,DE,Shane Ray
2558988,72,196,1993-11-07,Oklahoma State,CB,Lenzy Pipkins
238498,70,200,1986-05-22,Kent State,WR,Julian Edelman
2539280,74,260,1990-10-14,Ohio State,DE,John Simon
2559087,70,190,1993-07-13,Memphis,CB,Arthur Maulet
2533460,70,225,1989-12-02,Utah State,RB,Robert Turbin
2561131,73,202,1993-11-03,Central Arkansas,FS,George Odum
2561149,72,229,1995-12-12,Houston,ILB,Matthew Adams
2553817,6-2,200,01/28/1993,Georgia,SS,Corey Moore
2553562,73,208,1992-07-25,James Madison,DB,Dean Marlowe
2507374,76,210,1985-06-29,North Carolina State,K,Stephen Hauschka
2556526,74,235,1994-03-24,Louisiana State,LS,Reid Ferguson
2560840,75,307,1996-01-25,Stanford,DT,Harrison Phillips
2561574,72,208,1996-09-13,New Mexico,P,Corey Bojorquez
2558066,71,195,1996-08-11,Ohio State,WR,Curtis Samuel
2540152,73,215,1991-12-10,Louisiana State,SS,Eric Reid
2561624,75,248,1995-12-30,Northwestern,TE,Garrett Dickerson
2553499,69,180,1993-01-27,South Carolina,WR,Damiere Byrd
2533058,73,255,1990-09-24,Arizona State,OLB,Vontaze Burfict
2552403,75,252,1992-08-31,Florida State,TE,Nick O'Leary
2558864,77,252,1993-11-04,Buffalo,TE,Mason Schreck
2552321,75,245,1992-07-28,Clemson,MLB,Stephone Anthony
2560747,76,245,1993-08-24,South Carolina,TE,Hayden Hurst
2508107,74,210,1988-07-26,Colorado,CB,Jimmy Smith
2557965,76,272,1995-12-29,Texas A&M,DE,Myles Garrett
2559270,77,237,1994-04-30,Indiana State,TE,Robert Tonyan
2560883,77,214,1996-09-30,Notre Dame,WR,Equanimeous St. Brown
2558119,74,220,1994-09-20,North Carolina State,SS,Josh Jones
2556587,70,190,1994-07-25,Florida Atlantic,CB,Cre'von LeBlanc
2555542,73,190,1993-08-02,Penn State,FS,Jordan Lucas
2560808,73,209,1996-06-20,Stanford,CB,Quenton Meeks
2552272,78,301,1991-08-03,Stanford,DE,Henry Anderson
2561020,76,275,1996-06-24,North Carolina State,DE,Bradley Chubb
2553840,6-4,265,05/30/1992,"Albany, N.Y.",TE,Brian Parker
2555171,73,235,1992-12-22,Temple,ILB,Tyler Matakevich
2495136,6-2,240,02/19/1988,North Carolina,ILB,Bruce Carter
2560862,72,225,1996-07-20,North Carolina State,RB,Jaylen Samuels
2556443,72,198,1991-10-14,Florida Atlantic,SS,Sharrod Neasman
2505982,78,245,1981-06-25,Virginia,QB,Matt Schaub
2560897,6-3,244,07/21/1995,Florida State,LB,Matthew Thomas
2555394,73,215,1995-02-22,West Virginia,CB,Daryl Worley
2532870,74,247,1989-04-26,South Carolina,DE,Melvin Ingram
2532869,6-4,227,03/31/1990,Boise State,FS,George Iloka
2541741,73,240,1990-11-03,Virginia,MLB,LaRoy Reynolds
2558912,68,178,1995-04-04,Oregon State,WR,Victor Bolden
2532789,74,230,1989-10-27,Alabama,ILB,Mark Barron
2558886,75,256,1994-11-22,Washington,TE,Darrell Daniels
2534846,74,210,1990-02-11,Auburn,CB,Neiko Thorpe
2541388,6-3,211,01/29/1990,San Diego State,WR,Brice Butler
2540291,71,190,1991-02-01,South Florida,CB,Kayvon Webster
2495466,69,215,1989-12-21,Alabama,RB,Mark Ingram
2556404,75,205,1992-11-11,California,WR,Maurice Harris
2559385,78,220,1995-03-15,Wisconsin-Platteville,TE,Dan Arnold
2532841,6-2,220,11/27/1989,Notre Dame,WR,Michael Floyd
2550542,5-10,203,01/10/1993,Colorado State,RB,Kapri Bibbs
2533534,74,262,1990-10-07,Miami,DE,Olivier Vernon
2555366,74,206,1994-05-31,Northern Iowa,CB,Deiondre' Hall
2559260,6-0,200,12/21/1993,Shepherd,DB,Tre Sullivan
2556456,71,202,1992-10-28,Connecticut,FS,Andrew Adams
2541431,72,206,1991-05-06,Central Florida,FS,Kemal Ishmael
2507843,6-0,240,09/06/1987,Duke,OLB,Vincent Rey
2558786,70,200,1994-07-27,Houston,S,Brandon Wilson
2560839,70,190,1995-06-26,Western Michigan,CB,Darius Phillips
2541696,71,200,1990-12-25,Towson,S,Jordan Dangerfield
2561054,74,200,1995-04-16,Texas A&M,WR,Damion Ratley
2539335,75,221,1990-10-10,West Virginia,QB,Geno Smith
2560756,72,200,1996-04-22,Northwestern,RB,Justin Jackson
2560719,74,197,1994-09-08,Virginia Tech,CB,Brandon Facyson
2557931,73,200,1993-11-19,Clemson,CB,Cordrea Tankersley
2553655,73,202,1991-10-09,Virginia,FS,Anthony Harris
238227,6-1,221,06/10/1987,Ohio U.,FS,Mike Mitchell
2543712,71,205,1992-03-02,Florida State,SS,Terrence Brooks
2559263,76,254,1994-11-14,Texas,TE,Tyrone Swoopes
2560999,72,227,1995-07-20,Central Florida,LB,Shaquem Griffin
2506352,73,235,1983-03-22,Georgia,OLB,Thomas Davis
2558138,71,240,1995-09-16,Oklahoma,RB,Samaje Perine
2556550,70,190,1993-01-23,East Carolina,CB,Josh Hawkins
2559934,76,265,1994-12-23,Southern Methodist,DE,Justin Lawler
925,5-11,199,12/27/1986,Texas,RB,Jamaal Charles
2556543,6-5,265,02/04/1994,North Carolina State,TE,David Grinnage
2561324,73,238,1995-04-13,Rutgers,RB,Gus Edwards
2552259,6-1,197,03/27/1992,USC,CB,Josh Shaw
2495140,75,280,1988-07-06,Iowa,DE,Adrian Clayborn
2552278,74,265,1993-08-16,Arkansas,DE,Trey Flowers
2558924,77,300,1994-04-12,Vanderbilt,DT,Adam Butler
2507948,6-3,254,03/05/1987,Central Michigan,OLB,Frank Zombo
2550289,71,224,1992-01-28,Toledo,RB,David Fluellen
2561521,68,175,1995-12-20,Texas Tech,WR,Cameron Batson
2555414,75,291,1994-03-20,Michigan,DT,Willie Henry
2543765,79,300,1991-05-05,Virginia,DE,Brent Urban
2556650,72,345,1992-11-06,Samford,DT,Michael Pierce
2506546,6-6,235,06/15/1983,Oregon State,QB,Derek Anderson
2530700,75,205,1989-01-31,Virginia,WR,Dontrelle Inman
2543739,74,200,1991-12-01,North Carolina State,CB,Dontae Johnson
2560838,72,201,1995-12-16,Virginia Tech,WR,Cam Phillips
2552478,78,252,1991-08-07,Oklahoma,TE,Blake Bell
2543874,5-10,195,05/30/1992,Vanderbilt,FS,Andre Hal
2561152,6-1,229,06/17/1994,Arkansas,RB,Dave Williams
2555387,73,215,1993-05-11,Southern California,QB,Cody Kessler
2552425,5-11,186,09/23/1992,Florida State,WR,Rashad Greene
2558853,6-1,210,07/27/1993,Cincinnati,CB,Mike Tyson
2553554,79,265,1990-12-27,Eastern Kentucky,TE,Matt Lengel
2555547,71,196,1993-10-19,Notre Dame,CB,KeiVarae Russell
2555262,76,235,1993-04-23,Louisiana Tech,QB,Jeff Driskel
2561383,74,233,1995-07-27,Iowa,LB,Ben Niemann
2561417,73,195,1996-05-16,Middle Tennessee,CB,Charvarius Ward
2560967,74,231,1995-12-22,Arizona State,RB,Kalen Ballage
2552374,69,203,1993-06-13,Nebraska,RB,Ameer Abdullah
2558165,76,266,1994-03-18,Ohio,LB,Tarell Basham
2560985,72,186,1997-10-04,Southern California,WR,Deontay Burnett
2508007,70,175,1987-09-30,Minnesota,CB,Marcus Sherels
2555168,73,242,1993-02-08,Missouri,MLB,Kentrell Brothers
2543608,5-10,190,04/08/1991,Maryland,CB,Dexter McDougle
2552597,74,215,1993-09-10,Central Florida,WR,Breshad Perriman
2561022,74,238,1996-05-05,Wisconsin,LB,Jack Cichy
2555307,73,236,1993-07-03,Oklahoma,OLB,Devante Bond
2550767,75,190,1990-02-04,"California, Pa.",CB,C.J. Goodwin
2560948,76,258,1995-04-01,Louisville,OLB,Trevon Young
2558018,75,280,1995-08-26,Stanford,DE,Solomon Thomas
2559356,5-10,178,12/13/1994,Utah,CB,Dominique Hatfield
2561060,77,240,1995-01-26,San Diego,TE,Ross Dwelley
2550198,73,218,1991-06-10,Michigan State,WR,Bennie Fowler
2561001,69,190,1996-01-06,Penn State,CB,Grant Haley
2553719,6-2,225,01/23/1993,Boston College,OLB,Josh Keyes
2552602,74,305,1993-10-16,Rice,DT,Christian Covington
2555388,75,347,1994-07-01,Clemson,DT,D.J. Reader
2558241,6-0,238,05/27/1994,Ohio,OLB,Blair Brown
2561041,5-11,193,02/20/1995,Miami,CB,Dee Delaney
2553656,6-1,210,03/15/1993,Old Dominion,QB,Taylor Heinicke
2555546,6-2,177,07/23/1995,Louisiana State,CB,Rashard Robinson
2559287,75,254,1994-06-09,San Jose State,LB,Isaiah Irving
2560724,76,260,1994-10-11,Utah,LB,Kylie Fitts
2540176,78,281,1991-07-31,Michigan State,DE,William Gholston
496780,78,285,1989-02-28,Florida,DE,Carlos Dunlap
2556833,5-11,190,06/30/1994,Texas A&M,CB,De'Vante Harris
2561330,76,240,1996-02-01,Central Florida,HB,Jordan Franks
2495252,76,246,1989-07-23,Mississippi State,OLB,K.J. Wright
497224,76,250,1987-07-25,Oregon,TE,Ed Dickson
2561261,68,189,1995-09-12,Florida,WR,Brandon Powell
2559293,6-2,199,11/30/1993,Michigan,DB,Dymonte Thomas
2558129,68,173,1995-04-09,Georgia,WR,Isaiah McKenzie
2561461,71,202,1995-02-26,Tulane,RB,Dontrell Hilliard
2560819,71,205,1996-10-16,Wisconsin,CB,Nick Nelson
2560986,73,235,1996-03-17,Penn State,LB,Jason Cabinda
2532974,76,240,1989-04-26,Wake Forest,OLB,Kyle Wilber
2533538,77,265,1990-02-27,Syracuse,OLB,Chandler Jones
2542009,75,265,1991-08-03,Idaho,DE,Benson Mayowa
2553437,77,305,1992-01-19,Delaware State,DT,Rodney Gunter
2555336,6-4,314,09/19/1994,Mississippi,DT,Robert Nkemdiche
2556655,74,211,1994-02-16,Ohio State,DB,Tyvis Powell
2558273,71,195,1994-09-03,North Carolina,RB,T.J. Logan
2553583,76,293,1991-08-27,Miami,DT,Olsen Pierre
2561207,71,197,1995-02-02,James Madison,FS,Raven Greene
2560731,76,288,1996-09-26,Stephen F. Austin,DE,John Franklin-Myers
496790,75,273,1987-12-22,Southern California,DE,Everson Griffen
496802,76,329,1988-10-10,East Carolina,DT,Linval Joseph
2506779,6-3,288,08/30/1984,Southern Mississippi,DT,Tom Johnson
2555529,77,265,1994-03-19,Vanderbilt,DE,Stephen Weatherly
2535867,73,230,1990-09-02,Wagner,ILB,Julian Stanford
496961,74,245,1988-03-03,Florida State,OLB,Dekoda Watson
2558979,73,210,1995-03-21,Southern Mississippi,QB,Nick Mullens
2543497,75,220,1990-09-13,Alabama,QB,AJ McCarron
2555464,68,210,1993-02-22,Texas Tech,RB,DeAndre Washington
2561006,72,208,1994-06-09,Florida,FS,Marcell Harris
2558167,75,216,1995-01-26,Tennessee,QB,Joshua Dobbs
2558975,70,192,1993-10-21,Virginia,WR,Taquan Mizzell
2507731,6-1,240,07/31/1985,Florida State,LS,Garrison Sanborn
2533000,75,205,1988-10-06,California,P,Bryan Anger
2558923,6-2,228,11/23/1993,Michigan State,LB,Riley Bullough
2531080,6-4,240,04/17/1988,Fresno State,OLB,Ben Jacobs
2555270,79,275,1993-04-12,Penn State,OLB,Carl Nassib
2553736,6-0,185,03/31/1993,Coastal Carolina,DB,Denzel Rice
2558289,73,228,1994-12-16,Boise State,LB,Tanner Vallejo
2561278,70,205,1996-03-11,Ferris State,CB,Tavierre Thomas
2557934,70,214,1994-06-01,Louisiana-Lafayette,RB,Elijah McGuire
2561147,72,185,1995-09-22,Southern Mississippi,CB,Cornell Armstrong
2561482,70,185,1994-06-01,Northern Illinois,WR,Chad Beebe
2556569,73,215,1994-06-28,Jacksonville,WR,Andy Jones
2555240,75,310,1994-01-11,Temple,DE,Matthew Ioannidis
2557872,74,265,1995-11-02,UCLA,DE,Takkarist McKinley
2555345,6-1,224,07/07/1995,USC,DB,Su'a Cravens
2560976,6-1,223,07/26/1995,Washington,LB,Keishawn Bierria
2559485,72,198,1994-11-01,Washington State,WR,River Cracraft
2543571,71,195,1992-01-30,Clemson,CB,Bashaud Breeland
2543650,77,285,1993-02-08,South Florida,OLB,Aaron Lynch
2553631,5-11,224,09/13/1991,South Dakota,RB,Zach Zenner
2561224,75,210,1994-12-26,Temple,WR,Keith Kirkwood
2495184,76,287,1989-07-10,California,DE,Cameron Jordan
2560890,77,228,1997-02-03,Florida State,WR,Auden Tate
2556118,73,223,1994-04-24,Washington,RB,Dwayne Washington
2533542,5-10,200,01/08/1991,Central Florida,CB,Josh Robinson
2543465,74,215,1992-11-10,Louisville,QB,Teddy Bridgewater
2555215,6-1,215,01/24/1994,Rutgers,WR,Leonte Carroo
2522602,6-1,243,07/06/1985,Western Washington,LS,Matt Overton
2539230,76,318,1991-09-08,Georgia,NT,Abry Jones
2553833,72,215,1990-11-19,Texas A&M,K,Josh Lambo
2561161,77,200,1995-07-28,Mississippi State,P,Logan Cooke
2561272,73,219,1996-02-26,Vanderbilt,WR,Trent Sherfield
2550257,74,208,1990-03-05,Brigham Young,SS,Daniel Sorensen
71435,6-5,251,06/11/1987,Virginia,TE,John Phillips
2560914,72,179,1995-06-12,Alabama,CB,Levi Wallace
2505076,76,218,1979-07-04,Sam Houston State,QB,Josh McCown
2539308,74,234,1990-09-08,Southern California,QB,Matt Barkley
2541848,75,235,1990-07-18,West Alabama,OLB,Deon Lacey
2542246,5-11,224,10/27/1990,California-Davis,P,Colton Schmidt
2556714,75,259,1993-04-24,Wyoming,DE,Eddie Yarbrough
2540287,72,203,1988-11-25,California (PA),FS,Rontez Miles
2556614,6-3,252,11/17/1992,Auburn,LB,Cassanova McKinzy
81294,74,215,1985-10-13,Michigan State,QB,Brian Hoyer
2552313,6-0,235,04/18/1992,USC,MLB,Hayes Pullard
2558091,74,225,1996-01-06,Ohio State,WR,Noah Brown
2560887,71,189,1996-08-07,Georgia State,CB,Chandon Sullivan
2555333,71,185,1994-07-06,Baylor,WR,Corey Coleman
2557987,5-9,205,09/03/1994,North Carolina State,RB,Matt Dayes
2561671,74,200,1996-01-30,Illinois,WR,Malik Turner
2558274,72,202,1994-08-05,Washington State,FS,Shalom Luani
2558144,78,257,1994-10-24,Ashland,TE,Adam Shaheen
2561527,72,198,1995-08-04,Southeast Missouri,CB,Mike Ford
79583,6-2,309,11/23/1986,LSU,DT,Ricky Jean Francois
2535718,75,350,1988-11-29,William Penn,DT,Damon Harrison
2552375,5-10,215,06/23/1990,Auburn,RB,Cameron Artis-Payne
2530474,75,260,1987-09-06,Troy,DE,Mario Addison
2540159,72,246,1990-12-03,Louisiana State,MLB,Kevin Minter
2560847,72,200,1995-12-07,Southern Methodist,WR,Trey Quinn
2556841,5-9,215,02/13/1994,Oregon,RB,Byron Marshall
497123,73,212,1986-09-05,Texas,QB,Colt McCoy
2560961,76,216,1994-09-16,Oklahoma State,WR,Marcell Ateman
2532878,5-10,194,03/30/1990,Iowa State,CB,Leonard Johnson
2561300,74,208,1996-03-17,Penn State,WR,Saeed Blacknall
2550364,73,250,1990-08-13,Iowa,LS,Casey Kreiter
2559200,72,231,1994-02-21,Northwestern,LB,Joe Jones
2560944,6-1,213,04/19/1995,California-Davis,P,Colby Wadman
2553877,73,240,1991-08-15,Cal Poly,ILB,Nick Dzubnar
2558303,6-2,210,01/03/1991,Emporia State,CB,Jeff Richards
2559197,6-0,232,02/10/1995,Weber State,LB,Tre'Von Johnson
2553790,74,190,1993-01-15,Pittsburg State,CB,DeVante Bausby
2552396,77,258,1993-04-09,Notre Dame,TE,Ben Koyack
2561003,72,235,1995-09-11,Alabama,LB,Shaun Dion Hamilton
2558112,73,219,1995-11-09,Wyoming,HB,Brian Hill
2556805,75,190,1991-08-22,Cincinnati,WR,Johnny Holton
2558950,6-1,215,09/11/1994,Arkansas,WR,Keon Hatcher
2541302,73,336,1989-02-21,Missouri Southern,DT,Brandon Williams
2495228,75,268,1989-05-10,Pittsburgh,DE,Jabaal Sheard
2539310,80,295,1987-07-14,Southern Methodist,DT,Margus Hunt
2550646,77,285,1990-07-15,Mississippi State,DT,Denico Autry
2560791,75,277,1995-01-30,Ohio State,DT,Tyquan Lewis
2558189,6-4,224,04/05/1994,Connecticut,DB,Obi Melifonwu
2550313,76,257,1992-01-22,California,TE,Richard Rodgers
2560938,72,194,1995-11-16,North Texas,RB,Jeff Wilson
2540170,6-1,205,12/08/1991,North Carolina State,CB,David Amerson
2508109,77,295,1989-05-06,Ohio State,DT,Cameron Heyward
2550545,74,185,1991-03-16,Rice,K,Chris Boswell
2553348,77,195,1991-03-18,Eastern Kentucky,P,Jordan Berry
2556421,76,245,1992-08-20,Portland State,LS,Kameron Canaday
2506969,73,222,1982-08-13,Nebraska,P,Sam Koch
2508008,76,233,1986-04-26,Tennessee,LS,Morgan Cox
2533033,74,213,1990-02-12,Baylor,QB,Robert Griffin III
2555419,71,207,1995-03-07,South Carolina,WR,Pharoh Cooper
2553548,76,209,1992-02-17,Wisconsin-Whitewater,WR,Jake Kumerow
2532928,5-10,210,12/17/1988,Oregon,SS,Eddie Pleasant
2552273,75,260,1991-03-13,Missouri,OLB,Markus Golden
2558071,74,195,1996-02-09,Virginia Tech,WR,Isaiah Ford
2558097,74,239,1994-04-27,Georgia Southern,ILB,Ukeme Eligwe
2552427,6-2,192,07/02/1992,Michigan State,CB,Tony Lippett
2560950,73,248,1997-09-12,Toledo,OLB,Ola Adeniyi
2560956,74,215,1996-08-07,Penn State,DB,Marcus Allen
2559013,5-9,186,01/25/1995,Florida State,WR,Bobo Wilson
2559066,75,208,1993-02-24,Alabama,WR,Gehrig Dieter
89758,74,297,1987-01-06,Memphis,DT,Clinton McDonald
2556440,70,195,1993-08-15,Arkansas State,RB,J.D. McKissic
2561644,75,205,1996-11-07,Virginia Tech,CB,Adonis Alexander
79858,6-2,232,11/11/1986,USC,QB,Mark Sanchez
2540163,6-2,315,12/28/1989,LSU,NT,Bennie Logan
2552326,75,320,1991-12-14,Maryland,DT,Darius Kilgo
2556368,76,314,1994-05-08,Penn State,NT,Austin Johnson
2561042,6-3,251,01/27/1995,North Dakota State,LB,Nick DeLuca
2543717,75,252,1993-01-17,Georgia Tech,OLB,Jeremiah Attaochu
2553900,77,247,1992-05-26,James Madison,TE,Daniel Brown
2533433,76,352,1989-11-16,"Regina, Can.",DT,Akiem Hicks
2555335,75,296,1993-10-22,Florida,DE,Jonathan Bullard
2560821,75,313,1996-09-14,Delaware,DT,Bilal Nichols
2555545,71,186,1993-12-28,Mississippi State,S,Will Redmond
2560935,71,224,1995-04-15,Louisiana State,RB,Darrel Williams
2532797,71,220,1990-01-26,Mississippi,RB,Brandon Bolden
2561316,70,185,1996-02-02,Utah State,CB,Jalen Davis
264,6-3,219,05/15/1986,San Diego,QB,Josh Johnson
2560786,74,219,1995-03-17,Richmond,QB,Kyle Lauletta
2560762,74,240,1996-11-15,Texas,LB,Malik Jefferson
2558284,73,245,1994-03-09,Utah,LB,Pita Taumoepenu
2561279,6-3,210,12/30/1995,Arkansas-Monticello,WR,Jalen Tolliver
2561283,74,214,1996-06-09,Washington,LB,Zeke Turner
2495229,6-2,249,01/02/1988,LSU,MLB,Kelvin Sheppard
2552408,78,255,1992-09-13,Georgia Tech,TE,Darren Waller
496723,6-0,212,12/29/1988,Tennessee,SS,Eric Berry
2550268,5-10,205,06/02/1991,Abilene Christian,RB,Charcandrick West
2550242,76,332,1991-05-09,Colorado State-Pueblo,DT,Mike Pennel
2560743,6-2,249,09/27/1995,Auburn,LB,Jeff Holland
2556371,72,200,1992-09-09,Texas A&M,CB,Brandon Williams
2539275,79,225,1989-12-12,North Carolina State,QB,Mike Glennon
2551359,75,250,1991-05-25,Southern Connecticut State,TE,Jerome Cunningham
2559880,5-10,219,04/18/1994,Texas A&M,RB,Keith Ford
2561107,73,222,1993-12-23,Louisiana State,LB,Corey Thompson
2543503,78,259,1990-12-22,Stanford,DE,Trent Murphy
2555218,72,239,1993-10-26,Northwestern,FB,Danny Vitale
2558858,5-11,195,06/25/1994,Auburn,CB,Joshua Holsey
2561329,78,265,1995-03-26,Pittsburgh,TE,Matt Flanagan
2541135,74,203,1989-06-06,Texas Tech,FS,Cody Davis
2495485,76,257,1990-05-18,North Carolina,DE,Robert Quinn
2550365,6-0,200,06/23/1992,Vanderbilt,S,Kenny Ladler
2553737,5-10,187,12/23/1992,Louisville,WR,Eli Rogers
2559163,6-1,199,11/11/1995,USC,RB,Justin Davis
2560777,70,205,1996-10-04,Tennessee,RB,John Kelly
2553442,74,233,1991-09-30,Oregon State,OLB,D.J. Alexander
2559141,75,229,1994-10-31,Illinois State,MLB,B.J. Bello
2505010,6-7,295,01/18/1980,North Carolina,DE,Julius Peppers
2539296,75,315,1989-02-02,Purdue,DT,Kawann Short
2507837,73,310,1986-11-18,Mississippi State,NT,Kyle Love
2559037,72,227,1994-12-15,Oklahoma,ILB,Ahmad Thomas
2552317,72,232,1991-05-25,Penn State,MLB,Mike Hull
2561177,75,211,1996-03-08,Houston,QB,Kyle Allen
496796,74,254,1988-08-13,Texas Christian,DE,Jerry Hughes
2557994,6-1,236,04/24/1996,Texas,RB,D'Onta Foreman
2555427,78,227,1993-10-07,Indiana,QB,Nate Sudfeld
2555486,77,245,1993-07-30,South Carolina State,TE,Temarrick Hemingway
2560779,77,240,1996-05-03,Louisiana State,DE,Arden Key
2561403,72,205,1995-08-08,Fresno State,WR,Da'Mari Scott
2506931,6-1,303,06/10/1983,Louisiana State,DT,Kyle Williams
2505801,76,258,1981-08-17,Texas A&M,LS,Don Muhlbach
2506677,70,201,1984-08-10,Central Florida,K,Matt Prater
2541311,73,211,1990-02-27,Appalachian State,P,Sam Martin
2560783,75,205,1996-01-28,Oklahoma State,WR,Chris Lacy
2560787,77,227,1995-12-11,Iowa State,WR,Allen Lazard
2561585,70,195,1994-08-08,Utah State,DB,Dallin Leavitt
252,75,222,1985-07-02,Michigan,QB,Chad Henne
2558819,6-2,188,12/04/1994,Mississippi,CB,Derrick Jones
2552397,76,252,1991-10-01,Miami,TE,Clive Walford
2557850,5-7,208,11/24/1992,Coastal Carolina,RB,De'Angelo Henderson Sr.
2556530,5-11,190,08/30/1993,Memphis,WR,Mose Frazier
2535890,6-1,210,02/01/1989,Appalachian State,RB,Travaris Cadet
2560875,72,240,1997-04-20,North Carolina,LB,Andre Smith
2549982,76,230,1991-07-01,Southern Methodist,QB,Garrett Gilbert
2556273,72,230,1993-12-01,Eastern Michigan,RB,Darius Jackson
2556672,6-4,218,09/29/1992,Toledo,WR,Alonzo Russell
2550647,6-2,253,08/17/1989,Boston College,OLB,Kasim Edebali
2552379,6-0,211,12/06/1991,Michigan State,RB,Jeremy Langford
496816,76,300,1988-02-25,Oklahoma,DT,Gerald McCoy
496843,77,275,1989-01-01,South Florida,OLB,Jason Pierre-Paul
2532825,75,279,1988-06-30,Marshall,DE,Vinny Curry
2560909,76,347,1995-02-05,Washington,DT,Vita Vea
2560716,6-2,237,10/13/1996,Western Michigan,TE,Donnie Ernsberger
2561359,72,180,1995-03-19,Texas Southern,WR,Darvin Kidsy
2561394,71,205,1996-08-29,South Alabama,DB,Jeremy Reaves
2541903,73,220,1990-04-18,Oklahoma,P,Tress Way
2543725,6-3,258,03/31/1992,Louisville,LB,Marcus Smith
2553798,6-2,235,09/17/1991,Vanderbilt,LS,Andrew East
2556814,6-2,200,05/17/1994,Duke,WR,Max McCaffrey
2552576,78,231,1992-04-25,Oregon State,QB,Sean Mannion
2561469,69,187,1993-03-15,Alabama-Birmingham,CB,Darious Williams
2558095,6-2,196,10/12/1995,LSU,WR,Malachi Dupre
